Datei,Dekade,Freq
343012.tcf.xml,1620,4350
343014.tcf.xml,1600,12225
343016.tcf.xml,1640,14402
343019.tcf.xml,1630,8755
345804.tcf.xml,1600,13334
346672.tcf.xml,1640,59849
347551.tcf.xml,1650,13588
353337.tcf.xml,1680,17678
353338.tcf.xml,1670,12159
353339.tcf.xml,1670,181
354492.tcf.xml,1670,8128
354492a.tcf.xml,1670,12452
354492b.tcf.xml,1670,5185
354493.tcf.xml,1660,10356
354494.tcf.xml,1660,6797
354495.tcf.xml,1660,3542
354496.tcf.xml,1660,2513
354497.tcf.xml,1660,1263
354499.tcf.xml,1650,23033
354511.tcf.xml,1670,10354
354512.tcf.xml,1670,3948
354513.tcf.xml,1670,1747
354514.tcf.xml,1670,1865
354515.tcf.xml,1650,11249
354516.tcf.xml,1650,17451
354521.tcf.xml,1660,12728
354522.tcf.xml,1660,19168
354523.tcf.xml,1670,17563
354524.tcf.xml,1680,13745
354525.tcf.xml,1660,6915
354527.tcf.xml,1670,9903
354528.tcf.xml,1670,6800
354529.tcf.xml,1670,3633
354529a.tcf.xml,1670,898
354530.tcf.xml,1670,1158
354531.tcf.xml,1660,7376
354532.tcf.xml,1660,12625
354533.tcf.xml,1660,4690
357469.tcf.xml,1600,41697
358654.tcf.xml,1720,15913
358766.tcf.xml,1620,6513
358773.tcf.xml,1670,22444
358833.tcf.xml,1680,30402
359520.tcf.xml,1690,22149
359521.tcf.xml,1690,15842
359522.tcf.xml,1690,12969
359996.tcf.xml,1640,11929
359997.tcf.xml,1640,11400
360000.tcf.xml,1650,13925
360001.tcf.xml,1640,15247
360002.tcf.xml,1640,13285
360149.tcf.xml,1710,22132
360150.tcf.xml,1710,5846
360155.tcf.xml,1660,27310
360156.tcf.xml,1670,28029
360677.tcf.xml,1650,27404
360685.tcf.xml,1640,24411
360685a.tcf.xml,1630,3463
360686.tcf.xml,1640,9226
360994.tcf.xml,1640,24362
361724.tcf.xml,1640,16321
376914.tcf.xml,1720,19817
378827.tcf.xml,1610,6386
385104.tcf.xml,1610,8603
385105.tcf.xml,1610,4771
386098.tcf.xml,1610,8581
386412.tcf.xml,1630,11069
386414.tcf.xml,1630,17668
386420.tcf.xml,1630,15913
386421.tcf.xml,1630,7686
386422.tcf.xml,1630,3911
386427.tcf.xml,1640,19254
386596.tcf.xml,1740,12842
386597.tcf.xml,1740,3355
387513.tcf.xml,1620,14434
387514.tcf.xml,1620,4489
387515.tcf.xml,1620,3479
387516.tcf.xml,1620,1558
389173.tcf.xml,1650,14842
389174.tcf.xml,1650,4756
389840.tcf.xml,1630,11355
392437.tcf.xml,1710,23992
392438.tcf.xml,1700,20413
392439.tcf.xml,1710,20250
392455.tcf.xml,1700,15034
392456.tcf.xml,1700,4910
395371.tcf.xml,1600,9379
395372.tcf.xml,1600,8349
395595.tcf.xml,1610,5773
409693.tcf.xml,1630,18879
421583.tcf.xml,1700,10852
508113.tcf.xml,1600,13725
508123.tcf.xml,1610,8391
508137.tcf.xml,1620,26293
508138.tcf.xml,1620,9761
508139.tcf.xml,1670,15996
508142.tcf.xml,1630,14262
508143.tcf.xml,1630,7780
508146.tcf.xml,1620,9309
508193.tcf.xml,1610,14367
508214.tcf.xml,1630,7081
508231.tcf.xml,1630,8821
508236.tcf.xml,1620,9066
508258.tcf.xml,1640,7682
508269.tcf.xml,1610,27294
508270.tcf.xml,1610,12001
508271.tcf.xml,1630,13367
508272.tcf.xml,1630,7221
508299.tcf.xml,1630,20381
508305.tcf.xml,1620,14275
508321.tcf.xml,1670,20012
508436.tcf.xml,1620,15869
508438.tcf.xml,1620,8593
508439.tcf.xml,1610,11006
508440.tcf.xml,1620,7426
508441.tcf.xml,1620,2538
508442.tcf.xml,1600,9909
508444.tcf.xml,1610,17526
508445.tcf.xml,1640,20150
508450.tcf.xml,1570,7539
508451.tcf.xml,1620,11120
508452.tcf.xml,1670,7937
508453.tcf.xml,1670,3385
508455.tcf.xml,1590,4520
508578.tcf.xml,1740,27263
508609.tcf.xml,1620,4831
508611.tcf.xml,1610,8620
508612.tcf.xml,1670,26919
508612a.tcf.xml,1670,2446
508615.tcf.xml,1610,8880
509199.tcf.xml,1620,11896
509200.tcf.xml,1630,16642
509201.tcf.xml,1610,11596
509340.tcf.xml,1640,11213
509342.tcf.xml,1650,13540
509343.tcf.xml,1610,10622
509377.tcf.xml,1610,7964
509378.tcf.xml,1610,8170
509379.tcf.xml,1660,19938
509380.tcf.xml,1660,13684
509390.tcf.xml,1600,8184
509393.tcf.xml,1620,11866
509545.tcf.xml,1620,9284
509925.tcf.xml,1610,11169
509926.tcf.xml,1630,10530
509941.tcf.xml,1640,8943
509946.tcf.xml,1600,6960
509956.tcf.xml,1620,23754
509966.tcf.xml,1610,13283
509967.tcf.xml,1620,11156
509973.tcf.xml,1620,4963
509974.tcf.xml,1610,13408
509978.tcf.xml,1690,23986
509979.tcf.xml,1690,3253
510287.tcf.xml,1610,11662
510288.tcf.xml,1600,13827
510291.tcf.xml,1610,7750
510300.tcf.xml,1620,8770
510301.tcf.xml,1630,14485
510575.tcf.xml,1610,6451
510581.tcf.xml,1610,12459
510585.tcf.xml,1610,10105
510589.tcf.xml,1610,15687
510772.tcf.xml,1620,5111
510775.tcf.xml,1630,5587
510778.tcf.xml,1630,5394
510780.tcf.xml,1630,5357
510783.tcf.xml,1630,4604
510784.tcf.xml,1630,10642
510795.tcf.xml,1630,3831
510799.tcf.xml,1630,6408
510954.tcf.xml,1660,4902
510964.tcf.xml,1620,15275
510973.tcf.xml,1610,9827
510974.tcf.xml,1670,18878
511301.tcf.xml,1670,22754
511316.tcf.xml,1630,11299
511317.tcf.xml,1630,21128
511318.tcf.xml,1610,8698
511517.tcf.xml,1580,7207
511524.tcf.xml,1580,16126
511528.tcf.xml,1590,10415
511531.tcf.xml,1580,14617
511792.tcf.xml,1620,17358
511793.tcf.xml,1620,19019
511795.tcf.xml,1630,16539
511796.tcf.xml,1630,20338
522222.tcf.xml,1580,8475
522325.tcf.xml,1620,10216
522328.tcf.xml,1620,9638
522329.tcf.xml,1620,6249
522372.tcf.xml,1620,6944
522372a.tcf.xml,1620,3129
522379.tcf.xml,1620,10714
522392.tcf.xml,1620,21902
522407.tcf.xml,1630,13372
522408.tcf.xml,1630,4783
522410.tcf.xml,1630,9220
522423.tcf.xml,1620,8035
522424.tcf.xml,1620,18128
522877.tcf.xml,1600,7360
522967.tcf.xml,1590,7005
523022.tcf.xml,1600,12489
523023.tcf.xml,1600,12225
523530.tcf.xml,1610,13553
523531.tcf.xml,1610,10046
523537.tcf.xml,1610,7573
523539.tcf.xml,1610,15957
523540.tcf.xml,1610,14499
523541.tcf.xml,1610,20517
523543.tcf.xml,1610,44126
523547.tcf.xml,1610,8684
523566.tcf.xml,1610,8818
523570.tcf.xml,1630,13009
523581.tcf.xml,1620,7127
523586.tcf.xml,1630,23871
523587.tcf.xml,1630,9538
523588.tcf.xml,1630,8206
523592.tcf.xml,1610,22593
523595.tcf.xml,1600,15913
523602.tcf.xml,1610,17553
523604.tcf.xml,1610,9838
523606.tcf.xml,1610,9217
523607.tcf.xml,1610,15813
523612.tcf.xml,1610,11055
523615.tcf.xml,1610,6077
523616.tcf.xml,1610,16846
523619.tcf.xml,1610,19821
523619a.tcf.xml,1610,10801
523629.tcf.xml,1600,20924
523641.tcf.xml,1610,6333
523650.tcf.xml,1610,14563
523652.tcf.xml,1610,5836
523661.tcf.xml,1610,12012
523683.tcf.xml,1610,17328
523692.tcf.xml,1610,9137
523696.tcf.xml,1610,9137
523698.tcf.xml,1600,25221
523698a.tcf.xml,1600,3794
523706.tcf.xml,1610,12199
523741.tcf.xml,1630,5852
523762.tcf.xml,1630,12836
523764.tcf.xml,1630,25717
523825.tcf.xml,1610,15361
523832.tcf.xml,1610,6799
523834.tcf.xml,1610,8360
523843.tcf.xml,1610,12540
523844.tcf.xml,1610,11488
523847.tcf.xml,1610,8999
523849.tcf.xml,1610,10259
523883.tcf.xml,1620,8643
523884.tcf.xml,1620,10410
523885.tcf.xml,1620,6504
523898.tcf.xml,1610,11012
523907.tcf.xml,1610,10350
523920.tcf.xml,1610,13828
523923.tcf.xml,1610,16738
523924.tcf.xml,1610,12421
523927.tcf.xml,1610,8145
523929.tcf.xml,1610,4760
523939.tcf.xml,1620,10445
523942.tcf.xml,1620,12028
523943.tcf.xml,1620,11334
523945.tcf.xml,1620,15561
523947.tcf.xml,1620,8028
523949.tcf.xml,1620,10013
523954.tcf.xml,1620,11379
524107.tcf.xml,1610,7889
524109.tcf.xml,1610,10986
524151.tcf.xml,1580,12930
524249.tcf.xml,1610,3250
524261.tcf.xml,1610,12951
524263.tcf.xml,1610,22027
524265.tcf.xml,1610,8235
524271.tcf.xml,1610,14051
524279.tcf.xml,1580,26655
524291.tcf.xml,1580,19365
524292.tcf.xml,1580,7242
524295.tcf.xml,1580,19977
524311.tcf.xml,1580,21936
524370.tcf.xml,1610,15392
524371.tcf.xml,1610,2493
524393.tcf.xml,1610,5057
524394.tcf.xml,1610,21091
524470.tcf.xml,1590,8375
524472.tcf.xml,1590,11041
524558.tcf.xml,1590,6202
524559.tcf.xml,1610,8722
524569.tcf.xml,1610,7596
524575.tcf.xml,1610,22177
524584.tcf.xml,1610,14284
524586.tcf.xml,1610,6951
524794.tcf.xml,1610,8970
524801.tcf.xml,1620,9713
524823.tcf.xml,1630,14662
524824.tcf.xml,1630,7011
524965.tcf.xml,1610,11950
524988.tcf.xml,1610,14191
524988a.tcf.xml,1610,964
524989.tcf.xml,1610,19292
524994.tcf.xml,1610,14126
525066.tcf.xml,1620,10222
525077.tcf.xml,1620,10908
525080.tcf.xml,1620,7423
525853.tcf.xml,1600,8715
526001.tcf.xml,1610,16794
526006.tcf.xml,1610,8966
526011.tcf.xml,1610,12385
526022.tcf.xml,1610,14008
526037.tcf.xml,1610,8762
526976.tcf.xml,1600,7499
527001.tcf.xml,1620,21871
527017.tcf.xml,1610,10927
527026.tcf.xml,1610,16786
527028.tcf.xml,1610,16941
527038.tcf.xml,1610,23165
527796.tcf.xml,1560,13554
527798.tcf.xml,1560,17045
528095.tcf.xml,1590,11533
537788.tcf.xml,1640,25386
537789.tcf.xml,1650,13734
537790.tcf.xml,1650,10000
539213.tcf.xml,1590,16584
539478.tcf.xml,1630,19673
539562.tcf.xml,1670,19611
539563.tcf.xml,1670,1545
539564.tcf.xml,1660,14654
539565.tcf.xml,1660,3565
542013.tcf.xml,1670,20562
542123.tcf.xml,1610,19121
542451.tcf.xml,1730,27774
542452.tcf.xml,1730,7323
542550.tcf.xml,1600,21585
abel_leibmedicus_1699.tcf.xml,1690,58015
abschatz_gedichte_1704.tcf.xml,1700,191382
achenwall_staatswissenschaft_1749.tcf.xml,1740,66062
adams_elektricitaet_1785.tcf.xml,1780,82649
adler_frauen_1906.tcf.xml,1900,99338
adler_studie_1907.tcf.xml,1900,35835
albertinus_landtstoertzer01_1615.tcf.xml,1610,130623
alexis_ruhe01_1852.tcf.xml,1850,88845
alexis_ruhe02_1852.tcf.xml,1850,82928
alexis_ruhe03_1852.tcf.xml,1850,78217
alexis_ruhe04_1852.tcf.xml,1850,88810
alexis_ruhe05_1852.tcf.xml,1850,98092
alexis_sacken_1910.tcf.xml,1910,27573
altenberg_prodromos_1906.tcf.xml,1900,38846
altmann_elementarorganismen_1890.tcf.xml,1890,48622
andreas_erotik_1910.tcf.xml,1910,18223
andreas_fenitschka_1898.tcf.xml,1890,45147
anhaltkoethen_fruchtbringende_1628.tcf.xml,1620,15533
anonym_annus_1597.tcf.xml,1590,48396
anonym_aviso_1609.tcf.xml,1600,119845
anonym_fuehrer_1921.tcf.xml,1920,75382
anonym_mercurius_1673.tcf.xml,1670,788
anonym_relation_1609.tcf.xml,1600,105119
anonym_warhafftige_1626.tcf.xml,1620,1435
anthus_esskunst_1838.tcf.xml,1830,86811
anzengruber_gwissenswurm_1874.tcf.xml,1870,23535
arends_exter_1708.tcf.xml,1700,30194
arent_dichtercharaktere_1885.tcf.xml,1880,74683
arndt_christentum01_1610.tcf.xml,1610,91541
arndt_christentum02_1610.tcf.xml,1610,133315
arndt_christentum03_1610.tcf.xml,1610,34700
arndt_christentum04_1610.tcf.xml,1610,58620
arnima_invalide_1818.tcf.xml,1810,9120
arnimb_goethe01_1835.tcf.xml,1830,82056
arnimb_goethe02_1835.tcf.xml,1830,70877
arnimb_goethe03_1835.tcf.xml,1830,53494
arnimb_guenderode01_1840.tcf.xml,1840,100657
arnimb_guenderode02_1840.tcf.xml,1840,70251
arnim_invalide_1910.tcf.xml,1870,10358
arnim_wunderhorn01_1806.tcf.xml,1800,83317
arnim_wunderhorn02_1808.tcf.xml,1800,80151
arnim_wunderhorn03_1808.tcf.xml,1800,57359
arnold_cyprian_1700.tcf.xml,1700,44430
arnold_ketzerhistorie02_1700.tcf.xml,1700,1271416
arrhenius_planeten_1911.tcf.xml,1910,13274
aston_emancipation_1846.tcf.xml,1840,8022
aston_leben_1847.tcf.xml,1840,27907
august_gesindlein_1650.tcf.xml,1650,845
august_gesindlein_1680.tcf.xml,1680,409
august_uhrkunde_1685.tcf.xml,1680,684
august_verboht_1669.tcf.xml,1660,557
august_ziegeuner_1669.tcf.xml,1660,539
august_ziegeuner_1697.tcf.xml,1690,288
august_zigeuner_1685.tcf.xml,1680,707
august_zigeuner_1698.tcf.xml,1690,655
avelallemant_gaunerthum01_1858.tcf.xml,1850,102490
avelallemant_gaunerthum02_1858.tcf.xml,1850,139542
avelallemant_gaunerthum03_1862.tcf.xml,1860,163527
avelallemant_gaunerthum04_1862.tcf.xml,1860,248611
bachstrom_schwimmen_1742.tcf.xml,1740,15051
bach_bwv214_1733.tcf.xml,1730,540
bach_versuch01_1759.tcf.xml,1750,37765
bach_versuch02_1762.tcf.xml,1760,61028
bacmeister_predigt_1614.tcf.xml,1610,14370
baer_thiere_1828.tcf.xml,1820,126736
baer_thiere_1837.tcf.xml,1830,149260
bake_ball_1891.tcf.xml,1890,297
bakunin_aufruf_1848.tcf.xml,1840,9252
bakunin_russland_1848.tcf.xml,1840,4208
ball_intelligenz_1919.tcf.xml,1910,111522
barclay_argenis_1626.tcf.xml,1620,258338
basedow_philanthropinum_1774.tcf.xml,1770,28132
basedow_weisheit_1768.tcf.xml,1760,39196
basteln_kichote_1648.tcf.xml,1640,92467
bastian_voelkergedanke_1881.tcf.xml,1880,81778
bauer_buehnenleben_1871.tcf.xml,1870,118296
bauller_lasterspiegel_1681.tcf.xml,1680,600328
baumstark_encyclopaedie_1835.tcf.xml,1830,405852
becher_discurs_1668.tcf.xml,1660,59753
becher_narrheit_1682.tcf.xml,1680,38761
becher_psychosophia_1683.tcf.xml,1680,92066
bechstein_dunkelgraf_1854.tcf.xml,1850,182389
becker_arbeiter_1860.tcf.xml,1860,24331
beckmann_technologie_1777.tcf.xml,1770,107983
beck_eisen01_1884.tcf.xml,1880,417744
beck_eisen02_1895.tcf.xml,1890,532559
beck_eisen03_1897.tcf.xml,1890,459534
beck_eisen04_1899.tcf.xml,1890,350191
beck_eisen05_1903.tcf.xml,1900,387828
beer_antonius_1697.tcf.xml,1690,7858
beer_europa_1682.tcf.xml,1680,48732
beer_lebensbeschreibung_1680.tcf.xml,1680,38731
beer_nero_1685.tcf.xml,1680,9934
beer_paria_1829.tcf.xml,1820,8499
behrens_hercynia_1703.tcf.xml,1700,73891
beier_buchhandel_1690.tcf.xml,1690,14130
bengel_abriss01_1751.tcf.xml,1750,68326
benner_herrnhuterey01_1746.tcf.xml,1740,38982
benner_herrnhuterey02_1747.tcf.xml,1740,50772
benner_herrnhuterey03_1748.tcf.xml,1740,56747
benner_herrnhuterey04_1748.tcf.xml,1740,40120
benner_meineid_1739.tcf.xml,1730,12044
bergmann_transfusion_1883.tcf.xml,1880,7145
berg_ostasien01_1864.tcf.xml,1860,142469
berg_ostasien02_1866.tcf.xml,1860,135824
berg_ostasien03_1873.tcf.xml,1870,164402
berg_ostasien04_1873.tcf.xml,1870,158945
berg_ostasienbotanik_1866.tcf.xml,1860,27963
berg_ostasienzoologie01_1876.tcf.xml,1870,146708
berg_ostasienzoologie02_1867.tcf.xml,1860,161683
berlepsch_alpen_1861.tcf.xml,1860,135210
berlin_wortblindheit_1887.tcf.xml,1880,21910
bernd_lebensbeschreibung_1738.tcf.xml,1730,182591
bernoulli_comet_1681.tcf.xml,1680,8238
berthold_irrwischfritze_1910.tcf.xml,1910,30708
beseler_kommentar_1851.tcf.xml,1850,260630
beseler_volksrecht_1843.tcf.xml,1840,98509
bierbaum_stilpe_1897.tcf.xml,1890,73136
birken_friedensvergleich_1652.tcf.xml,1650,55370
birken_gespraechspiel_1665.tcf.xml,1660,22814
birken_sonntagswandel_1681.tcf.xml,1680,154878
bismarck_erinnerungen01_1898.tcf.xml,1890,124513
bismarck_erinnerungen02_1898.tcf.xml,1890,100197
bletzacher_stillenacht_1891.tcf.xml,1890,2110
blumenbach_anatomie2_1805.tcf.xml,1800,73530
blumenbach_anatomie_1805.tcf.xml,1800,73429
blumenbach_anatomie_1815.tcf.xml,1810,77061
blumenbach_anatomie_1824.tcf.xml,1820,81909
blumenbach_beytraege0101_1790.tcf.xml,1790,16009
blumenbach_beytraege0102_1806.tcf.xml,1800,16475
blumenbach_beytraege02_1811.tcf.xml,1810,16190
blumenbach_bildungstrieb_1781.tcf.xml,1780,10791
blumenbach_bildungstrieb_1789.tcf.xml,1780,13403
blumenbach_bildungstrieb_1791.tcf.xml,1790,13867
blumenbach_menschengeschlecht_1798.tcf.xml,1790,71924
blumenbach_naturgeschichte_1814.tcf.xml,1810,174367
blumenbach_naturgeschichte_1815.tcf.xml,1810,175317
blum_spatziergaenge01_1774.tcf.xml,1770,31776
blum_spatziergaenge02_1775.tcf.xml,1770,33159
bluntschli_staatslehre_1875.tcf.xml,1870,194548
bluntschli_voelkerrecht_1868.tcf.xml,1860,186385
bodmer_sammlung01_1741.tcf.xml,1740,45263
bodmer_sammlung02_1741.tcf.xml,1740,46365
bodmer_sammlung03_1742.tcf.xml,1740,56760
bodmer_sammlung04_1742.tcf.xml,1740,22696
bodmer_sammlung05_1742.tcf.xml,1740,24999
bodmer_sammlung06_1742.tcf.xml,1740,33982
bodmer_sammlung07_1743.tcf.xml,1740,22017
bodmer_sammlung08_1743.tcf.xml,1740,22458
bodmer_sammlung09_1743.tcf.xml,1740,26149
bodmer_sammlung10_1743.tcf.xml,1740,31950
bodmer_sammlung11_1743.tcf.xml,1740,20971
bodmer_sammlung12_1744.tcf.xml,1740,21558
boeheim_waffenkunde_1890.tcf.xml,1890,191610
boehmemi_viehartzney_1712.tcf.xml,1710,11979
boelsche_liebesleben01_1898.tcf.xml,1890,128043
boelsche_liebesleben02_1900.tcf.xml,1900,121974
boelsche_liebesleben03_1903.tcf.xml,1900,118407
boerne_paris01_1832.tcf.xml,1830,46746
boerne_paris02_1832.tcf.xml,1830,44919
boerne_paris03_1833.tcf.xml,1830,47530
boerne_paris04_1833.tcf.xml,1830,56335
boerne_paris05_1834.tcf.xml,1830,44112
boerne_paris06_1834.tcf.xml,1830,44806
boettiger_predigt_1652.tcf.xml,1650,11602
bohse_helicon_1696.tcf.xml,1690,127249
boltzmann_gastheorie01_1896.tcf.xml,1890,62536
boltzmann_gastheorie02_1898.tcf.xml,1890,85077
bose_electricitaet_1744.tcf.xml,1740,8361
bossmann_gvinea_1708.tcf.xml,1700,160650
braeker_lebensgeschichte_1789.tcf.xml,1780,82619
braeuner_pest_1714.tcf.xml,1710,90565
brandenburg_zigeuner_1684.tcf.xml,1680,183
brandes_naturlehre01_1830.tcf.xml,1830,143363
brandes_naturlehre02_1831.tcf.xml,1830,141317
brandes_naturlehre03_1832.tcf.xml,1830,201546
braun_vagabundenfrage_1883.tcf.xml,1880,11876
brehm_thierleben01_1864.tcf.xml,1860,488979
brehm_thierleben02_1865.tcf.xml,1860,591236
brehm_thierleben03_1866.tcf.xml,1860,628434
brehm_thierleben04_1867.tcf.xml,1860,676096
brehm_thierleben05_1869.tcf.xml,1860,510591
brehm_thierleben06_1869.tcf.xml,1860,686261
bremscheid_mann_1901.tcf.xml,1900,62013
brentano_annerl_1910.tcf.xml,1870,15178
brentano_gockel_1838.tcf.xml,1830,117786
brentano_kasperl_1838.tcf.xml,1830,14734
brockes_vergnuegen02_1727.tcf.xml,1720,115083
brockes_vergnuegen03_1730.tcf.xml,1730,148880
brockes_vergnuegen04_1735.tcf.xml,1730,109513
brockes_vergnuegen05_1736.tcf.xml,1730,97738
brockes_vergnuegen06_1740.tcf.xml,1740,152364
brockes_vergnuegen07_1743.tcf.xml,1740,140118
brockes_vergnuegen08_1746.tcf.xml,1740,117072
brockes_vergnuegen09_1748.tcf.xml,1740,115865
bruce_reisen_1784.tcf.xml,1780,151686
bruemmer_lexikon01_1913.tcf.xml,1910,316427
bruemmer_lexikon02_1913.tcf.xml,1910,317271
bruemmer_lexikon03_1913.tcf.xml,1910,319591
bruemmer_lexikon04_1913.tcf.xml,1910,317969
bruemmer_lexikon05_1913.tcf.xml,1910,316620
bruemmer_lexikon06_1913.tcf.xml,1910,312842
bruemmer_lexikon07_1913.tcf.xml,1910,317417
bruemmer_lexikon08_1913.tcf.xml,1910,180928
brunfels_apodixis_1531.tcf.xml,1530,13693
brunner_rechtsgeschichte01_1887.tcf.xml,1880,191132
brunner_rechtsgeschichte02_1892.tcf.xml,1890,332563
brunn_griechen01_1853.tcf.xml,1850,233894
brunn_griechen0201_1856.tcf.xml,1850,158032
brunn_griechen02_1859.tcf.xml,1850,311573
bucer_dialogus_1521.tcf.xml,1520,8164
buchholtz_herkules01_1659.tcf.xml,1650,631038
buchholtz_herkules02_1660.tcf.xml,1660,602621
buchner_theoria01_1682.tcf.xml,1680,52660
buchner_theoria02_1683.tcf.xml,1680,54644
buchner_theoria03_1685.tcf.xml,1680,30404
buecher_volkswirtschaft_1893.tcf.xml,1890,68588
buechner_danton_1835.tcf.xml,1830,28104
buechner_kraft_1855.tcf.xml,1850,58025
buechner_werke_1879.tcf.xml,1870,172925
buerger_candidatus_1692.tcf.xml,1690,111157
buerger_gedichte_1778.tcf.xml,1770,46758
buerger_muenchhausen_1786.tcf.xml,1780,16349
buesch_handlung01_1792.tcf.xml,1790,67824
buesch_handlung02_1792.tcf.xml,1790,82702
burckhardt_cicerone_1855.tcf.xml,1850,401389
burckhardt_renaissance_1860.tcf.xml,1860,186930
burdach_propaedeutik_1800.tcf.xml,1800,55728
burdel_trunksucht_1855.tcf.xml,1850,31510
buri_causalitaet_1873.tcf.xml,1870,45834
busch_max_1865.tcf.xml,1860,2724
butschky_kantzeley_1649.tcf.xml,1650,83797
calvi_beutelschneider01_1627.tcf.xml,1620,88521
calvi_beutelschneider02_1627.tcf.xml,1620,96502
campe_robinson01_1779.tcf.xml,1770,53328
campe_robinson02_1780.tcf.xml,1780,63742
campe_theophron01_1783.tcf.xml,1780,49605
campe_theophron02_1783.tcf.xml,1780,34949
cancrin_beschreibung_1767.tcf.xml,1760,184761
candidus_christus_1854.tcf.xml,1850,16186
canitz_gedichte_1700.tcf.xml,1700,28468
cantemir_geschichte_1745.tcf.xml,1740,421030
carus_gynaekologie01_1820.tcf.xml,1820,139242
carus_gynaekologie02_1820.tcf.xml,1820,189578
carus_psyche_1846.tcf.xml,1840,157067
carus_zoologie_1872.tcf.xml,1870,275209
caselius_leichpredigt_1649.tcf.xml,1640,12659
chamberlain_grundlagen01_1899.tcf.xml,1890,224745
chamberlain_grundlagen02_1899.tcf.xml,1890,219638
chamisso_schlemihl_1814.tcf.xml,1810,25906
chladni_geschichtswissenschaft_1752.tcf.xml,1750,109596
christ_pomologie01_1809.tcf.xml,1800,169322
clauren_liebe_1827.tcf.xml,1820,54783
clausewitz_krieg03_1834.tcf.xml,1830,99342
clausius_waermetheorie_1856.tcf.xml,1850,23605
collin_coriolan_1804.tcf.xml,1800,26422
conradi_adam_1889.tcf.xml,1880,118329
corvinus_frauenzimmer_1715.tcf.xml,1710,480656
crueger_cupediae_1631.tcf.xml,1630,119876
cundisius_predigten_1648.tcf.xml,1640,119926
curtius_alterthum01_1875.tcf.xml,1870,124373
curtius_sprachforschung_1885.tcf.xml,1880,52707
cuthbertson_beschreibung_1790.tcf.xml,1790,28994
cuthbertson_luftpumpe_1788.tcf.xml,1780,10956
czepko_siebengestirne_1671.tcf.xml,1670,7764
czepko_triumphbogen_1641.tcf.xml,1640,5254
dach_einfaeltig_1653.tcf.xml,1650,670
dach_lehr_1656.tcf.xml,1650,1269
dach_seligen_1658.tcf.xml,1650,1336
daguerre_daguerrereotyp_1839.tcf.xml,1830,16102
dahlmann_geschichte_1845.tcf.xml,1840,113897
dahlmann_politik_1835.tcf.xml,1830,89411
dannhauer_catechismus04_1653.tcf.xml,1650,278732
dannhauer_catechismus05_1654.tcf.xml,1650,401824
dannhauer_catechismus06_1657.tcf.xml,1650,361813
dannhauer_catechismus08_1666.tcf.xml,1660,541340
dannhauer_catechismus09_1672.tcf.xml,1670,242424
dannhauer_catechismus10_1673.tcf.xml,1670,159875
dannhauer_catechismus11_1678.tcf.xml,1670,158641
darjes_cameralwissenschaften_1756.tcf.xml,1750,192849
darwin_pflanzen_1876.tcf.xml,1870,183159
daumer_krone_1859.tcf.xml,1850,37959
davidis_kochbuch_1849.tcf.xml,1840,160078
davidis_kochbuch_1879.tcf.xml,1870,204426
decker_baumeister01_1711.tcf.xml,1710,8655
deckhardt_kochbuch_1611.tcf.xml,1610,50604
dehio_aufsaetze_1914.tcf.xml,1910,90309
delbrueck_sprachforschung_1885.tcf.xml,1880,14805
dery_liebe_1896.tcf.xml,1890,4477
devrient_nationaltheater_1849.tcf.xml,1840,15557
dickens_weihnachtsabend_1844.tcf.xml,1840,33393
diefenbach_reformation_1897.tcf.xml,1890,19942
diesterweg_universitaeten_1836.tcf.xml,1830,24533
dietz_leben_1915.tcf.xml,1910,92988
dilger_arndes_1620.tcf.xml,1620,44926
dilich_kriegsbuch_1607.tcf.xml,1600,86813
dilthey_geisteswissenschaften_1883.tcf.xml,1880,172537
dilthey_poetik_1887.tcf.xml,1880,58912
dohm_juden02_1783.tcf.xml,1780,74877
doyle_fechtkunst_1715.tcf.xml,1710,10104
dronke_polizeigeschichten_1846.tcf.xml,1840,36487
droste_gedichte_1844.tcf.xml,1840,99951
droste_letzte_1860.tcf.xml,1860,51978
droysen_alexander_1833.tcf.xml,1830,223799
droysen_historik_1868.tcf.xml,1860,27657
drude_pflanzengeographie_1890.tcf.xml,1890,195576
druskowitz_religionsersatz_1886.tcf.xml,1880,27546
dubois_naturerkennen_1872.tcf.xml,1870,8679
duras_urika_1824.tcf.xml,1820,14495
d_untreue_1763.tcf.xml,1760,21143
ebbinghaus_gedaechtnis_1885.tcf.xml,1880,38818
ebeling_betrachtungen01_1747.tcf.xml,1740,72459
ebeling_betrachtungen02_1747.tcf.xml,1740,65757
ebeling_betrachtungen03_1747.tcf.xml,1740,63501
ebeling_betrachtungen04_1747.tcf.xml,1740,59179
ebers_koenigstochter01_1864.tcf.xml,1860,65375
ebers_koenigstochter02_1864.tcf.xml,1860,73975
ebers_koenigstochter03_1864.tcf.xml,1860,86590
eckarth_bertzdorff_1749.tcf.xml,1740,15507
eckarth_chronica_1732.tcf.xml,1730,7478
eckarth_chronica_1733.tcf.xml,1730,1382
eckarth_chronica_1734.tcf.xml,1730,2076
eckarth_chronica_1737.tcf.xml,1730,65812
eckarth_schoenau_1733.tcf.xml,1730,4190
eckermann_goethe01_1836.tcf.xml,1830,88906
eckermann_goethe02_1836.tcf.xml,1830,81070
eckermann_goethe03_1848.tcf.xml,1840,87711
eckstein_dudler_1893.tcf.xml,1890,15649
egger_mutter_1914.tcf.xml,1910,106676
egger_vater_1895.tcf.xml,1890,100581
eichendorff_ahnung_1815.tcf.xml,1810,114091
eichendorff_dichter_1834.tcf.xml,1830,88907
eichendorff_gedichte_1837.tcf.xml,1830,56606
eichendorff_taugenichts_1826.tcf.xml,1820,64009
eiteritz_affe_1719.tcf.xml,1710,233105
elssholtz_gartenbaw_1666.tcf.xml,1660,179714
erbkam_tagebuch01_1842.tcf.xml,1840,68075
erbkam_tagebuch02_1843.tcf.xml,1840,96626
erbkam_tagebuch03_1844.tcf.xml,1840,52671
ercker_aula01_1672.tcf.xml,1670,182788
ercker_aula02_1672.tcf.xml,1670,24975
ernst_nordamerika_1820.tcf.xml,1820,34510
eschstruth_katz_1886.tcf.xml,1880,42766
estor_rechtsgelehrsamkeit01_1757.tcf.xml,1750,329540
estor_rechtsgelehrsamkeit02_1758.tcf.xml,1750,358107
estor_rechtsgelehrsamkeit03_1767.tcf.xml,1760,459791
euler_algebra02_1770.tcf.xml,1770,115182
euler_rechenkunst01_1738.tcf.xml,1730,59075
euler_rechenkunst02_1740.tcf.xml,1740,41874
eytelwein_faschinenwerke_1800.tcf.xml,1800,53642
fabricius_oratorie_1724.tcf.xml,1720,146238
falke_trachten01_1858.tcf.xml,1850,115120
falke_trachten02_1858.tcf.xml,1850,118930
fassmann_narr_1729.tcf.xml,1720,92690
faulhaber_instrument_1610.tcf.xml,1610,8488
felgenhauer_jehior_1640.tcf.xml,1640,27297
ferdinand_copia_1621.tcf.xml,1620,5894
fessler_eleusinien01_1802.tcf.xml,1800,54872
fessler_eleusinien02_1803.tcf.xml,1800,75857
feuerbach_christentum_1841.tcf.xml,1840,142033
feuerbach_recht_1801.tcf.xml,1800,115487
fichte_reden_1808.tcf.xml,1800,89192
fichte_wissenschaftslehre_1794.tcf.xml,1790,16776
fiedler_kuenstlerische_1887.tcf.xml,1880,43583
fischer_maehrchen_1802.tcf.xml,1800,36611
fischer_werkzeugmaschinen01_1900.tcf.xml,1900,280121
fitzner_anzeige_1736.tcf.xml,1730,9917
fleming_jaeger01_1719.tcf.xml,1710,389656
fleming_jaeger02_1724.tcf.xml,1720,412839
fleming_poemata_1642.tcf.xml,1640,164345
fontane_brandenburg01_1862.tcf.xml,1860,161376
fontane_brandenburg02_1863.tcf.xml,1860,190379
fontane_brandenburg03_1873.tcf.xml,1870,153404
fontane_brandenburg04_1882.tcf.xml,1880,157892
fontane_briest_1896.tcf.xml,1890,117923
fontane_gedichte_1851.tcf.xml,1850,26856
fontane_irrungen_1888.tcf.xml,1880,63449
fontane_kinderjahre_1894.tcf.xml,1890,69747
fontane_reise_1894.tcf.xml,1890,43778
fontane_stechlin_1899.tcf.xml,1890,155443
fontane_wuthenow_1883.tcf.xml,1880,51083
forkel_bach_1802.tcf.xml,1800,29479
forster_niederrhein01_1791.tcf.xml,1790,69583
forster_niederrhein02_1791.tcf.xml,1790,72970
forster_niederrhein03_1794.tcf.xml,1790,63697
forster_reise01_1778.tcf.xml,1770,192931
forster_reise02_1780.tcf.xml,1780,191775
fouque_falkensteins01_1810.tcf.xml,1810,37172
fouque_falkensteins02_1810.tcf.xml,1810,41749
fouque_frauen_1826.tcf.xml,1820,44450
fouque_geselligkeit_1814.tcf.xml,1810,5848
fouque_magie_1812.tcf.xml,1810,49545
fouque_undine_1811.tcf.xml,1810,32292
francisci_lusthaus_1676.tcf.xml,1670,770675
franckenberg_conclusiones_1646.tcf.xml,1640,1736
francois_reckenburgerin01_1871.tcf.xml,1870,54934
francois_reckenburgerin02_1871.tcf.xml,1870,54828
frapan_bittersuess_1891.tcf.xml,1890,63367
frapan_fluegel_1895.tcf.xml,1890,91624
frauenfeld_vogelschutzgesetz_1871.tcf.xml,1870,3568
frege_sinn_1892.tcf.xml,1890,12167
freiligrath_caira_1846.tcf.xml,1840,3449
frentzel_schauplatz_1744.tcf.xml,1740,63487
freud_hysterie_1895.tcf.xml,1890,113446
friderich_bettler_1663.tcf.xml,1660,702
friderich_edict_1697.tcf.xml,1690,1170
friderich_klage_1700.tcf.xml,1700,570
friderich_umstreiner_1698.tcf.xml,1690,577
friderici_musica_1619.tcf.xml,1610,7621
friedrich_literatur_1780.tcf.xml,1780,14225
friedrich_publicum01_1753.tcf.xml,1750,1359
friedrich_publicum03_1753.tcf.xml,1750,944
fritsch_tractatus_1669.tcf.xml,1660,66290
froelich_virginia01_1820.tcf.xml,1820,40484
froelich_virginia02_1820.tcf.xml,1820,27238
fuechsel_entwurf_1773.tcf.xml,1770,46755
fuhlrott_neanderthaler_1865.tcf.xml,1860,20434
furttenbach_kunstspiegel_1663.tcf.xml,1660,239226
gabelentz_ostasiatische_1881.tcf.xml,1880,6505
gall_untersuchungen_1791.tcf.xml,1790,180553
ganswindt_faerberei_1889.tcf.xml,1880,286368
garve_sammlung_1779.tcf.xml,1770,79956
gauss_lehrsaetze_1840.tcf.xml,1840,15432
gauss_theoria_1831.tcf.xml,1830,4046
geier_schuetz_1672.tcf.xml,1670,18286
geise_corpus_1703.tcf.xml,1700,426778
gellert_leben01_1747.tcf.xml,1740,23681
gellert_leben02_1748.tcf.xml,1740,32678
genee_fledermaus_1874.tcf.xml,1870,7800
george_algabal_1892.tcf.xml,1890,2015
george_seele_1897.tcf.xml,1890,7120
gerber_staatsrecht_1865.tcf.xml,1860,58056
gercke_torpedowaffe_1898.tcf.xml,1890,35453
gerland_naturvoelker_1868.tcf.xml,1860,73368
gerstaecker_schiesswaffen_1848.tcf.xml,1840,7057
gerstner_baukunst_1789.tcf.xml,1780,8093
gerstner_mechanik01_1831.tcf.xml,1830,340959
gerstner_mechanik02_1832.tcf.xml,1830,262578
gerstner_mechanik03_1834.tcf.xml,1830,305656
gessert_schulzucht_1826.tcf.xml,1820,13366
gessner_buchdruckerkunst01_1740.tcf.xml,1740,93729
gessner_buchdruckerkunst02_1740.tcf.xml,1740,107215
gessner_buchdruckerkunst03_1741.tcf.xml,1740,125280
gessner_buchdruckerkunst04_1745.tcf.xml,1740,110496
gessner_idyllen_1756.tcf.xml,1750,19642
glassbrenner_weihnachtsmarkt_1847.tcf.xml,1840,11450
glauber_furni01_1646.tcf.xml,1640,20797
glauber_furni03_1648.tcf.xml,1640,17824
glauber_furni04_1648.tcf.xml,1640,30433
glauber_furni05_1649.tcf.xml,1640,16793
glauber_opera01_1658.tcf.xml,1650,312879
glauber_opera02_1659.tcf.xml,1650,241039
gleditsch_abhandlungen01_1789.tcf.xml,1780,56056
gleditsch_abhandlungen02_1789.tcf.xml,1780,63087
gleditsch_abhandlungen03_1789.tcf.xml,1780,67200
gleim_versuch01_1744.tcf.xml,1740,10726
gleim_versuch02_1745.tcf.xml,1740,12583
glueck_pandecten01verbesserungen_1798.tcf.xml,1790,40828
glueck_pandecten01_1790.tcf.xml,1790,161609
glueck_pandecten02verbesserungen_1800.tcf.xml,1800,51491
glueck_pandecten02_1791.tcf.xml,1790,169083
goerres_revolution_1819.tcf.xml,1810,57096
goerres_volksbuecher_1807.tcf.xml,1800,67750
goethe_divan_1819.tcf.xml,1810,63785
goethe_farbenlehre01_1810.tcf.xml,1810,136419
goethe_farbenlehre02_1810.tcf.xml,1810,160424
goethe_faust01_1808.tcf.xml,1800,37914
goethe_faust02_1832.tcf.xml,1830,59243
goethe_faustfragment_1790.tcf.xml,1790,18435
goethe_goetz_1773.tcf.xml,1770,35692
goethe_iphigenie_1787.tcf.xml,1780,18050
goethe_leben01_1811.tcf.xml,1810,79051
goethe_leben02_1812.tcf.xml,1810,87507
goethe_leben03_1814.tcf.xml,1810,80238
goethe_lehrjahre01_1795.tcf.xml,1790,50439
goethe_lehrjahre02_1795.tcf.xml,1790,51443
goethe_lehrjahre03_1795.tcf.xml,1790,52207
goethe_lehrjahre04_1796.tcf.xml,1790,74502
goethe_melusine_1910.tcf.xml,1870,10763
goethe_metamorphose_1790.tcf.xml,1790,11706
goethe_reineke_1794.tcf.xml,1790,49302
goethe_torquato_1790.tcf.xml,1790,30710
goethe_wahlverw01_1809.tcf.xml,1800,43705
goethe_wahlverw02_1809.tcf.xml,1800,48515
goethe_werther01_1774.tcf.xml,1770,20545
goethe_werther02_1774.tcf.xml,1770,21446
goetze_zeitvertreib01_1783.tcf.xml,1780,38820
goetze_zeitvertreib02_1783.tcf.xml,1780,56320
goldammer_hochzeitsnacht_1910.tcf.xml,1910,4131
goldschmidt_frauenstimmrecht_1895.tcf.xml,1890,1303
gotter_erbschleicher_1789.tcf.xml,1780,39250
gottfried_historia_1631.tcf.xml,1630,585644
gotthelf_notar_1910.tcf.xml,1910,15613
gotthelf_sagen_1842.tcf.xml,1840,45715
gottschalck_sagen_1814.tcf.xml,1810,55802
gottsched_versuch_1730.tcf.xml,1730,223934
grabbe_napoleon_1831.tcf.xml,1830,49349
greflinger_krieg_1657.tcf.xml,1650,49646
gressel_grabgedichte_1716.tcf.xml,1710,125720
griesinger_psychische_1845.tcf.xml,1840,169567
grillparzer_diener_1830.tcf.xml,1830,27681
grillparzer_sappho_1819.tcf.xml,1810,21970
grimmelshausen_continuatio_1669.tcf.xml,1660,44597
grimmelshausen_michel_1673.tcf.xml,1670,20791
grimmelshausen_simplicissimus_1669.tcf.xml,1660,177456
grimmelshausen_trutzsimplex_1670.tcf.xml,1670,45275
grimm_maerchen01_1812.tcf.xml,1810,125846
grimm_maerchen02_1815.tcf.xml,1810,98936
grimm_meistergesang_1811.tcf.xml,1810,62715
grimm_odenwald_1843.tcf.xml,1840,30192
gruber_examen_1703.tcf.xml,1700,140332
gruithuisen_mondbewohner_1824.tcf.xml,1820,28720
gryphius_horribilicribrifax_1663.tcf.xml,1660,28128
gryphius_rechtsgelehrter_1659.tcf.xml,1650,39315
guenther_voelkerrecht01_1787.tcf.xml,1780,110844
guenther_voelkerrecht02_1792.tcf.xml,1790,137218
gundling_discours_1733.tcf.xml,1730,258395
gutsmuths_spiele_1796.tcf.xml,1790,108125
gutzkow_boerne_1840.tcf.xml,1840,68813
gutzkow_charaktere_1835.tcf.xml,1830,61212
gutzkow_narren_1832.tcf.xml,1830,66700
gutzkow_patkul_1842.tcf.xml,1840,4728
gutzkow_serapionsbrueder01_1877.tcf.xml,1870,59691
gutzkow_serapionsbrueder02_1877.tcf.xml,1870,65790
gutzkow_serapionsbrueder03_1877.tcf.xml,1870,68327
gutzkow_wally_1835.tcf.xml,1830,43287
gutzkow_zeitgenossen01_1842.tcf.xml,1840,122780
gutzkow_zeitgenossen02_1842.tcf.xml,1840,103219
haarer_bawrenkrieg_1625.tcf.xml,1620,37439
haeckel_plastidule_1876.tcf.xml,1870,17471
haeckel_weltraethsel_1899.tcf.xml,1890,139116
hagedorn_sammlung02_1744.tcf.xml,1740,23519
hagedorn_sammlung03_1752.tcf.xml,1750,3507
hagenauer_muspilli_1900.tcf.xml,1900,28014
hahnemann_organon_1810.tcf.xml,1810,40176
hahn_verkehr_1898.tcf.xml,1890,48380
haigold_russland01_1767.tcf.xml,1760,48809
haller_anfangsgruende01_1759.tcf.xml,1750,316689
haller_anfangsgruende02_1762.tcf.xml,1760,271560
haller_anfangsgruende03_1766.tcf.xml,1760,259852
haller_anfangsgruende04_1768.tcf.xml,1760,247191
haller_anfangsgruende05_1772.tcf.xml,1770,402972
haller_anfangsgruende06_1774.tcf.xml,1770,313946
haller_anfangsgruende07_1775.tcf.xml,1770,393587
haller_anfangsgruende08_1776.tcf.xml,1770,340495
hamann_denkwuerdigkeiten_1759.tcf.xml,1750,8236
hamburg_statuta_1680.tcf.xml,1680,72421
hampe_kaisergeschichte_1909.tcf.xml,1900,124066
hannover_feurordnung_1681.tcf.xml,1680,5248
hanssen_grundfragen_1731.tcf.xml,1730,55151
happel_roman_1690.tcf.xml,1690,364040
harenberg_vampirs_1733.tcf.xml,1730,30439
harsdoerffer_trichter01_1650.tcf.xml,1650,26517
harsdoerffer_trichter02_1648.tcf.xml,1640,33277
harsdoerffer_trichter03_1653.tcf.xml,1650,119612
hartmann_posten_1868.tcf.xml,1860,102246
hartwig_erziehung_1847.tcf.xml,1840,37559
hasak_predigtkirche_1893.tcf.xml,1890,11686
has_lob_1490.tcf.xml,1490,4364
has_spruch_1516.tcf.xml,1510,1572
has_welt_1500.tcf.xml,1500,3094
hauff_phantasien_1827.tcf.xml,1820,20510
hc_091601_1801.tcf.xml,1800,5440
hc_1002406_1789.tcf.xml,1780,8078
hc_1012606_1789.tcf.xml,1780,5917
hc_1022706_1789.tcf.xml,1780,8360
hc_1040105_1848.tcf.xml,1840,18014
hc_1040307_1731.tcf.xml,1730,2644
hc_1050205_1848.tcf.xml,1840,18228
hc_1050207_1771.tcf.xml,1770,8515
hc_1050407_1731.tcf.xml,1730,2662
hc_1060305_1848.tcf.xml,1840,17918
hc_1060307_1771.tcf.xml,1770,3475
hc_1060607_1731.tcf.xml,1730,2721
hc_1070405_1848.tcf.xml,1840,18131
hc_1070507_1771.tcf.xml,1770,3689
hc_1070707_1731.tcf.xml,1730,2629
hc_1080505_1848.tcf.xml,1840,17821
hc_1080607_1771.tcf.xml,1770,3586
hc_1081007_1731.tcf.xml,1730,2744
hc_1090907_1771.tcf.xml,1770,3819
hc_1091107_1731.tcf.xml,1730,2558
hc_1101007_1771.tcf.xml,1770,3869
hc_1101307_1731.tcf.xml,1730,2787
hc_1111207_1771.tcf.xml,1770,3897
hc_1111407_1731.tcf.xml,1730,2594
hc_1111407_1789.tcf.xml,1780,5804
hc_112001_1801.tcf.xml,1800,5534
hc_1121307_1771.tcf.xml,1770,3792
hc_1121507_1789.tcf.xml,1780,6116
hc_1131607_1771.tcf.xml,1770,3699
hc_1131707_1789.tcf.xml,1780,5969
hc_1141707_1771.tcf.xml,1770,3859
hc_1141807_1789.tcf.xml,1780,6071
hc_1151907_1771.tcf.xml,1770,3886
hc_1152107_1789.tcf.xml,1780,6007
hc_1162007_1771.tcf.xml,1770,3733
hc_1162207_1789.tcf.xml,1780,8330
hc_1172307_1771.tcf.xml,1770,3992
hc_1172407_1789.tcf.xml,1780,5447
hc_1182407_1771.tcf.xml,1770,3887
hc_1182507_1789.tcf.xml,1780,8523
hc_1192607_1771.tcf.xml,1770,3799
hc_1192807_1789.tcf.xml,1780,5863
hc_1202707_1771.tcf.xml,1770,3870
hc_1202907_1789.tcf.xml,1780,7886
hc_1213007_1771.tcf.xml,1770,3922
hc_1213107_1789.tcf.xml,1780,5936
hc_1220108_1789.tcf.xml,1780,8249
hc_1223107_1771.tcf.xml,1770,4024
hc_1230208_1771.tcf.xml,1770,6033
hc_1240308_1771.tcf.xml,1770,3604
hc_1250608_1771.tcf.xml,1770,3895
hc_1260708_1771.tcf.xml,1770,3895
hc_1281408_1731.tcf.xml,1730,2663
hc_1290106_1832.tcf.xml,1830,7843
hc_1291508_1731.tcf.xml,1730,2610
hc_1300206_1832.tcf.xml,1830,7409
hc_1301708_1731.tcf.xml,1730,2707
hc_1310406_1832.tcf.xml,1830,7706
hc_1311808_1731.tcf.xml,1730,2579
hc_1311808_1789.tcf.xml,1780,5707
hc_1320506_1832.tcf.xml,1830,7533
hc_1322108_1731.tcf.xml,1730,3023
hc_132301_1801.tcf.xml,1800,5398
hc_1330606_1832.tcf.xml,1830,7794
hc_1332108_1789.tcf.xml,1780,5703
hc_1332208_1731.tcf.xml,1730,2783
hc_1340706_1832.tcf.xml,1830,7874
hc_1342408_1731.tcf.xml,1730,2758
hc_1350806_1832.tcf.xml,1830,7822
hc_1352508_1731.tcf.xml,1730,2639
hc_1360906_1832.tcf.xml,1830,7196
hc_1362608_1789.tcf.xml,1780,5922
hc_1362808_1731.tcf.xml,1730,2683
hc_1371206_1832.tcf.xml,1830,8153
hc_1372808_1789.tcf.xml,1780,5856
hc_1372908_1731.tcf.xml,1730,2603
hc_1381306_1832.tcf.xml,1830,7892
hc_1383108_1731.tcf.xml,1730,2739
hc_1390109_1731.tcf.xml,1730,2689
hc_1390109_1789.tcf.xml,1780,5604
hc_1501809_1751.tcf.xml,1750,2512
hc_1512109_1751.tcf.xml,1750,2664
hc_1522209_1751.tcf.xml,1750,2467
hc_1532409_1751.tcf.xml,1750,5194
hc_1542509_1751.tcf.xml,1750,2697
hc_1552809_1751.tcf.xml,1750,2456
hc_1560110_1751.tcf.xml,1750,5355
hc_1570210_1751.tcf.xml,1750,2681
hc_1580510_1731.tcf.xml,1730,2522
hc_1580510_1751.tcf.xml,1750,2494
hc_1590310_1812.tcf.xml,1810,7227
hc_1590610_1751.tcf.xml,1750,2564
hc_1600810_1751.tcf.xml,1750,5003
hc_1610710_1812.tcf.xml,1810,15950
hc_1610910_1751.tcf.xml,1750,2598
hc_1620910_1812.tcf.xml,1810,7155
hc_162801_1801.tcf.xml,1800,12145
hc_1631010_1812.tcf.xml,1810,6869
hc_1641310_1812.tcf.xml,1810,7317
hc_1651410_1812.tcf.xml,1810,16329
hc_1661610_1812.tcf.xml,1810,7139
hc_1671710_1812.tcf.xml,1810,6814
hc_1682010_1812.tcf.xml,1810,6958
hc_1682010_1813.tcf.xml,1810,7527
hc_1692110_1812.tcf.xml,1810,15866
hc_1692210_1813.tcf.xml,1810,7306
hc_1702310_1812.tcf.xml,1810,6936
hc_1702310_1813.tcf.xml,1810,7163
hc_1712410_1812.tcf.xml,1810,7206
hc_1712410_1813.tcf.xml,1810,7192
hc_1722710_1812.tcf.xml,1810,7116
hc_1722710_1813.tcf.xml,1810,7360
hc_1732810_1812.tcf.xml,1810,7343
hc_1732910_1813.tcf.xml,1810,7459
hc_1743010_1813.tcf.xml,1810,7260
hc_1750211_1813.tcf.xml,1810,7166
hc_1760311_1813.tcf.xml,1810,7474
hc_1770511_1813.tcf.xml,1810,7562
hc_183101_1801.tcf.xml,1800,11261
hc_200402_1801.tcf.xml,1800,11736
hc_210602_1801.tcf.xml,1800,5512
hc_230709_1712.tcf.xml,1710,2966
hc_231002_1801.tcf.xml,1800,7884
hc_241009_1712.tcf.xml,1710,2959
hc_251302_1801.tcf.xml,1800,5369
hc_251409_1712.tcf.xml,1710,2986
hc_261402_1801.tcf.xml,1800,11431
hc_261709_1712.tcf.xml,1710,2877
hc_271702_1801.tcf.xml,1800,5617
hc_272109_1712.tcf.xml,1710,2862
hc_281802_1801.tcf.xml,1800,11735
hc_282409_1712.tcf.xml,1710,2907
hc_292809_1712.tcf.xml,1710,2907
hc_300110_1712.tcf.xml,1710,2844
hc_300808_1721.tcf.xml,1720,4272
hc_310510_1712.tcf.xml,1710,3022
hc_311208_1721.tcf.xml,1720,6079
hc_320810_1712.tcf.xml,1710,2893
hc_321508_1721.tcf.xml,1720,4160
hc_331210_1712.tcf.xml,1710,2885
hc_331908_1721.tcf.xml,1720,4312
hc_341510_1712.tcf.xml,1710,2902
hc_342208_1721.tcf.xml,1720,4327
hc_351910_1712.tcf.xml,1710,2881
hc_352608_1721.tcf.xml,1720,4322
hc_362210_1712.tcf.xml,1710,2853
hc_362908_1721.tcf.xml,1720,4338
hc_370209_1721.tcf.xml,1720,4209
hc_372910_1712.tcf.xml,1710,2897
hc_380509_1721.tcf.xml,1720,4074
hc_390909_1721.tcf.xml,1720,4349
hc_401209_1721.tcf.xml,1720,4418
hc_540504_1741.tcf.xml,1740,2845
hc_550704_1741.tcf.xml,1740,2853
hc_560804_1741.tcf.xml,1740,2876
hc_571104_1741.tcf.xml,1740,2748
hc_581204_1741.tcf.xml,1740,2812
hc_591404_1741.tcf.xml,1740,2770
hc_601504_1741.tcf.xml,1740,2806
hc_611704_1725.tcf.xml,1720,2689
hc_611804_1741.tcf.xml,1740,2786
hc_621704_1790.tcf.xml,1790,7688
hc_621804_1725.tcf.xml,1720,2888
hc_621904_1741.tcf.xml,1740,2741
hc_632004_1725.tcf.xml,1720,3152
hc_632004_1790.tcf.xml,1790,5617
hc_632104_1741.tcf.xml,1740,2639
hc_642104_1725.tcf.xml,1720,2818
hc_642104_1790.tcf.xml,1790,7963
hc_642204_1741.tcf.xml,1740,2886
hc_652404_1725.tcf.xml,1720,2939
hc_652504_1741.tcf.xml,1740,2779
hc_662404_1790.tcf.xml,1790,8057
hc_662504_1725.tcf.xml,1720,2932
hc_662604_1741.tcf.xml,1740,2813
hc_672704_1725.tcf.xml,1720,3021
hc_672704_1790.tcf.xml,1790,5339
hc_672804_1741.tcf.xml,1740,2867
hc_682804_1725.tcf.xml,1720,2789
hc_682904_1741.tcf.xml,1740,2781
hc_690105_1725.tcf.xml,1720,2802
hc_693004_1790.tcf.xml,1790,5794
hc_700105_1790.tcf.xml,1790,8037
hc_700205_1725.tcf.xml,1720,3119
hc_710405_1725.tcf.xml,1720,2697
hc_710405_1790.tcf.xml,1790,5486
hc_720505_1725.tcf.xml,1720,2833
hc_720505_1790.tcf.xml,1790,8145
hc_730805_1725.tcf.xml,1720,3141
hc_740905_1725.tcf.xml,1720,2960
hc_751105_1725.tcf.xml,1720,2940
hc_781605_1736.tcf.xml,1730,2728
hc_791805_1736.tcf.xml,1730,2596
hc_801905_1736.tcf.xml,1730,2682
hc_812205_1736.tcf.xml,1730,2568
hc_822305_1736.tcf.xml,1730,2734
hc_911006_1746.tcf.xml,1740,2572
hc_921106_1746.tcf.xml,1740,2868
hc_931206_1789.tcf.xml,1780,5738
hc_931406_1746.tcf.xml,1740,2786
hc_941506_1746.tcf.xml,1740,2807
hc_971906_1789.tcf.xml,1780,5507
hc_982006_1789.tcf.xml,1780,8525
hc_992306_1789.tcf.xml,1780,5419
hebbel_magdalene_1844.tcf.xml,1840,31237
hebel_schatzkaestlein_1811.tcf.xml,1810,86561
heckert_schulgesetzgebung_1847.tcf.xml,1840,229705
heeren_staatensystem_1809.tcf.xml,1800,153535
heffter_voelkerrecht_1844.tcf.xml,1840,150362
hegel_logik0101_1812.tcf.xml,1810,101475
hegel_logik0102_1813.tcf.xml,1810,79576
hegel_logik02_1816.tcf.xml,1810,113566
hegel_phaenomenologie_1807.tcf.xml,1800,206581
heidegger_mythoscopia_1698.tcf.xml,1690,49180
heine_lieder_1827.tcf.xml,1820,35631
heine_reisebilder01_1826.tcf.xml,1820,39513
heine_reisebilder02_1827.tcf.xml,1820,45460
heine_reisebilder03_1830.tcf.xml,1830,58644
heine_reisebilder04_1831.tcf.xml,1830,48354
heine_wintermaehrchen1_1844.tcf.xml,1840,12969
heine_wintermaehrchen_1844.tcf.xml,1840,14280
heinse_ardinghello01_1787.tcf.xml,1780,63309
heinse_ardinghello02_1787.tcf.xml,1780,56204
hellwig_haussverwalter_1712.tcf.xml,1710,150733
helmholtz_erhaltung_1847.tcf.xml,1840,17184
helmholtz_luftschwingungen_1860.tcf.xml,1860,22402
herbart_goettingen_1842.tcf.xml,1840,7394
herbart_psychologie01_1824.tcf.xml,1820,117878
herbart_psychologie02_1825.tcf.xml,1820,178189
herbart_psychologie_1834.tcf.xml,1830,57794
herder_abhandlung_1772.tcf.xml,1770,40507
herder_artundkunst_1773.tcf.xml,1770,36075
herder_geschichte02_1785.tcf.xml,1780,73867
herder_humanitaet01_1793.tcf.xml,1790,21716
herder_humanitaet02_1793.tcf.xml,1790,19931
herder_humanitaet03_1794.tcf.xml,1790,20681
herder_humanitaet04_1794.tcf.xml,1790,19221
herder_humanitaet05_1795.tcf.xml,1790,26321
herder_humanitaet06_1795.tcf.xml,1790,24683
herder_humanitaet07_1796.tcf.xml,1790,20645
herder_humanitaet08_1796.tcf.xml,1790,24115
herder_humanitaet09_1797.tcf.xml,1790,25266
herder_humanitaet10_1797.tcf.xml,1790,25215
herder_kritische01_1769.tcf.xml,1760,65365
herder_kritische02_1769.tcf.xml,1760,59790
herder_kritische03_1769.tcf.xml,1760,39678
herder_litteratur01_1767.tcf.xml,1760,31713
herder_litteratur02_1767.tcf.xml,1760,35836
herder_philosophie_1774.tcf.xml,1770,35726
herder_plastik_1778.tcf.xml,1770,30970
hering_lichtsinn_1878.tcf.xml,1870,48113
herwegh_gedichte01_1841.tcf.xml,1840,19342
herwegh_gedichte02_1843.tcf.xml,1840,13398
herzl_judenstaat_1896.tcf.xml,1890,24935
heyking_erzaehlungen_1918.tcf.xml,1910,27636
heyne_einleitung_1772.tcf.xml,1770,3535
heysekurz_einleitung_1871.tcf.xml,1870,4354
heyse_novellen_1855.tcf.xml,1850,51906
hilbert_mathematische_1900.tcf.xml,1900,15618
hilscher_nachricht_1723.tcf.xml,1720,5645
hippel_lebenslaeufe01_1778.tcf.xml,1770,106401
hippel_lebenslaeufe02_1779.tcf.xml,1770,138383
hippel_lebenslaeufe0301_1781.tcf.xml,1780,97055
hippel_lebenslaeufe0302_1781.tcf.xml,1780,133085
hippel_weiber_1792.tcf.xml,1790,76545
hirschfeld_gartenkunst1_1779.tcf.xml,1770,95034
hirschfeld_gartenkunst2_1780.tcf.xml,1780,73867
hirschfeld_gartenkunst3_1780.tcf.xml,1780,89952
hirschfeld_gartenkunst4_1782.tcf.xml,1780,97248
hirschfeld_gartenkunst5_1785.tcf.xml,1780,146013
hobrecht_polytechnikum_1878.tcf.xml,1870,4490
hobrecht_strassenbau_1890.tcf.xml,1890,9635
hobrecht_verkehrsverhaeltnisse_1893.tcf.xml,1890,9950
hoche_lesesucht_1794.tcf.xml,1790,29279
hoelderlin_gedichte_1826.tcf.xml,1820,32957
hoelty_gedichte_1783.tcf.xml,1780,23109
hoffmannswaldau_gedichte01_1695.tcf.xml,1690,134532
hoffmannswaldau_gedichte02_1697.tcf.xml,1690,109486
hoffmannswaldau_gedichte03_1703.tcf.xml,1700,109033
hoffmannswaldau_gedichte05_1710.tcf.xml,1710,90581
hoffmannswaldau_gedichte06_1709.tcf.xml,1700,108796
hoffmannswaldau_grabschriften_1662.tcf.xml,1660,4717
hoffmann_elixiere01_1815.tcf.xml,1810,65646
hoffmann_elixiere02_1816.tcf.xml,1810,63687
hoffmann_floh_1822.tcf.xml,1820,57199
hoffmann_nachtstuecke01_1817.tcf.xml,1810,56469
hoffmann_nachtstuecke02_1817.tcf.xml,1810,70199
hoffmann_scuderi_1910.tcf.xml,1870,29196
hoffmann_unpolitische01_1840.tcf.xml,1840,21345
hoffmann_unpolitische02_1841.tcf.xml,1840,23251
hoff_atome_1877.tcf.xml,1870,14617
hofmannsthal_tizian_1901.tcf.xml,1890,3723
hofmannswaldau_uebersetzungen_1679.tcf.xml,1670,143254
hohberg_georgica01_1682.tcf.xml,1680,650655
hohberg_georgica02_1682.tcf.xml,1680,682410
holtei_vagabunden01_1852.tcf.xml,1850,73058
holtei_vagabunden02_1852.tcf.xml,1850,70286
holtei_vagabunden03_1852.tcf.xml,1850,56968
holtei_vagabunden04_1852.tcf.xml,1850,47347
holz_buch_1886.tcf.xml,1880,47146
holz_hamlet_1889.tcf.xml,1880,31059
holz_phantasus01_1898.tcf.xml,1890,4229
holz_phantasus02_1899.tcf.xml,1890,4355
holz_selicke_1890.tcf.xml,1890,32608
huber_reisejournal_1811.tcf.xml,1810,81763
huber_revival_1862.tcf.xml,1860,29253
huber_verkehr_1893.tcf.xml,1890,74141
huebner_handbuch_1696.tcf.xml,1690,116791
huebner_staatslexicon_1704.tcf.xml,1700,331420
hufeland_leben_1797.tcf.xml,1790,100526
hufeland_privatbesitz_1829.tcf.xml,1820,44410
hugo_rechtsgeschichte_1790.tcf.xml,1790,50182
hug_familie_1896.tcf.xml,1890,129502
hulsius_schifffahrt_1649.tcf.xml,1640,26480
humboldt_abhandlung_1798.tcf.xml,1790,4344
humboldt_aequinoktial01_1859.tcf.xml,1850,121274
humboldt_aequinoktial02_1859.tcf.xml,1850,121588
humboldt_aequinoktial03_1859.tcf.xml,1860,119683
humboldt_aequinoktial04_1859.tcf.xml,1860,122532
humboldt_album_1847.tcf.xml,1840,226
humboldt_alterthuemer_1835.tcf.xml,1830,2025
humboldt_ankuendigung_1796.tcf.xml,1790,850
humboldt_ansichten_1849.tcf.xml,1840,905
humboldt_befuerwortung_1848.tcf.xml,1840,1655
humboldt_bemerkungen_1825.tcf.xml,1820,1528
humboldt_benzenberg_1837.tcf.xml,1830,732
humboldt_beobachtungen_1791.tcf.xml,1790,1896
humboldt_beobachtungen_1808.tcf.xml,1800,4664
humboldt_beobachtungen_1826.tcf.xml,1820,2258
humboldt_beobachtungen_1830.tcf.xml,1830,1318
humboldt_beobachtungen_1837.tcf.xml,1830,233
humboldt_bergbau_1797.tcf.xml,1790,915
humboldt_berg_1854.tcf.xml,1850,1550
humboldt_bericht_1826.tcf.xml,1820,8884
humboldt_beschluesse_1827.tcf.xml,1820,8529
humboldt_beschreibung_1790.tcf.xml,1790,3315
humboldt_blumenbach_1795.tcf.xml,1790,931
humboldt_bogota_1838.tcf.xml,1830,2066
humboldt_bogota_1853.tcf.xml,1850,9604
humboldt_chemie_1800.tcf.xml,1800,1249
humboldt_chinawaelder_1807.tcf.xml,1800,11919
humboldt_clapperton_1827.tcf.xml,1820,605
humboldt_cuba_1856.tcf.xml,1850,502
humboldt_curtius_1849.tcf.xml,1910,316
humboldt_dank_1858.tcf.xml,1850,166
humboldt_dase_1856.tcf.xml,1850,189
humboldt_delametherie_1800.tcf.xml,1800,3149
humboldt_ehrenberg_1857.tcf.xml,1850,831
humboldt_elektromagnetische_1836.tcf.xml,1830,4876
humboldt_encke_1853.tcf.xml,1850,376
humboldt_entdeckungen_1797.tcf.xml,1790,212
humboldt_erklaerung_1797.tcf.xml,1790,1142
humboldt_erklaerung_1798.tcf.xml,1790,1016
humboldt_erscheinungen_1855.tcf.xml,1850,1116
humboldt_erwiderung_1844.tcf.xml,1840,436
humboldt_flora_1793.tcf.xml,1790,530
humboldt_fluegel_1850.tcf.xml,1850,369
humboldt_forschungen_1832.tcf.xml,1830,704
humboldt_fourcroy_1802.tcf.xml,1800,1552
humboldt_freiersleben_1792.tcf.xml,1790,618
humboldt_freyberg_1792.tcf.xml,1790,637
humboldt_galvanische_1797.tcf.xml,1790,2819
humboldt_gasarten_1796.tcf.xml,1790,7054
humboldt_gemaelde_1826.tcf.xml,1820,10395
humboldt_geognostisch_1837.tcf.xml,1830,10395
humboldt_geognostisch_1838.tcf.xml,1830,8955
humboldt_geognostisch_1839.tcf.xml,1830,3107
humboldt_geschichteder_1853.tcf.xml,1850,147
humboldt_gesetze_1816.tcf.xml,1810,4138
humboldt_gesetz_1806.tcf.xml,1800,11597
humboldt_goedeking_1799.tcf.xml,1790,529
humboldt_grenzen_1851.tcf.xml,1850,71205
humboldt_grubenwetter_1795.tcf.xml,1790,5080
humboldt_gutachten_1838.tcf.xml,1830,4270
humboldt_hamburg_1790.tcf.xml,1790,552
humboldt_hoffmann_1792.tcf.xml,1790,1384
humboldt_huelfe_1859.tcf.xml,1850,215
humboldt_ideen_1806.tcf.xml,1800,5938
humboldt_insel_1810.tcf.xml,1810,3949
humboldt_jagd_1807.tcf.xml,1800,2541
humboldt_jubilar_1856.tcf.xml,1850,134
humboldt_karte_1856.tcf.xml,1850,1347
humboldt_kastner_1824.tcf.xml,1820,1399
humboldt_koerner_1827.tcf.xml,1820,1148
humboldt_kohlensaeure_1803.tcf.xml,1800,843
humboldt_kosmos01_1845.tcf.xml,1840,145443
humboldt_kosmos02_1847.tcf.xml,1840,164084
humboldt_kosmos03_1850.tcf.xml,1850,192693
humboldt_kosmos04_1858.tcf.xml,1850,207727
humboldt_kosmos0501_1862.tcf.xml,1860,28569
humboldt_kosmos_1847.tcf.xml,1840,1156
humboldt_kunth_1850.tcf.xml,1850,83
humboldt_lalande_1801.tcf.xml,1800,4476
humboldt_lebenskraft_1795.tcf.xml,1790,1790
humboldt_ligatur_1824.tcf.xml,1820,819
humboldt_manati_1838.tcf.xml,1830,6893
humboldt_meeresleuchten_1829.tcf.xml,1820,986
humboldt_meer_1833.tcf.xml,1850,37496
humboldt_metallreiz_1796.tcf.xml,1790,5409
humboldt_meteor_1844.tcf.xml,1840,499
humboldt_mittel_1829.tcf.xml,1820,6005
humboldt_moll_1799.tcf.xml,1790,743
humboldt_nachtrag_1804.tcf.xml,1800,2153
humboldt_natur02_1808.tcf.xml,1800,1781
humboldt_natur_1808.tcf.xml,1800,1846
humboldt_nautilus_1841.tcf.xml,1840,1657
humboldt_neue_1797.tcf.xml,1790,1165
humboldt_neumann_1830.tcf.xml,1830,775
humboldt_nordlicht_1808.tcf.xml,1800,1091
humboldt_nordlicht_1827.tcf.xml,1820,845
humboldt_notizen_1804.tcf.xml,1800,11022
humboldt_notizen_1811.tcf.xml,1810,743
humboldt_oberbergrath_1804.tcf.xml,1800,652
humboldt_ortsbestimmung_1845.tcf.xml,1840,1214
humboldt_ostsee_1834.tcf.xml,1830,1549
humboldt_paraguay_1825.tcf.xml,1820,3962
humboldt_passage_1853.tcf.xml,1850,539
humboldt_physiognomik_1806.tcf.xml,1800,5912
humboldt_popocatepetl_1856.tcf.xml,1850,2173
humboldt_potsdam_1849.tcf.xml,1840,343
humboldt_projet_1857.tcf.xml,1850,547
humboldt_prolification_1792.tcf.xml,1790,592
humboldt_punkte_1837.tcf.xml,1830,11649
humboldt_rede_1805.tcf.xml,1800,680
humboldt_rede_1828.tcf.xml,1820,2026
humboldt_rede_1852.tcf.xml,1850,935
humboldt_reise_1807.tcf.xml,1800,2763
humboldt_reise_1810.tcf.xml,1810,1429
humboldt_reizmittel_1797.tcf.xml,1790,5468
humboldt_resultate_1825.tcf.xml,1820,784
humboldt_rindviehseuche_1796.tcf.xml,1790,1516
humboldt_ripke_1791.tcf.xml,1790,1033
humboldt_salzwerkskunde_1792.tcf.xml,1790,17900
humboldt_schan_1857.tcf.xml,1850,1007
humboldt_scherer_1798.tcf.xml,1790,238
humboldt_schichtung_1853.tcf.xml,1850,1003
humboldt_schreiben_1839.tcf.xml,1830,392
humboldt_schreiben_1841.tcf.xml,1840,202
humboldt_schultze_1830.tcf.xml,1830,1674
humboldt_schwanken_1851.tcf.xml,1850,434
humboldt_schwankungen_1838.tcf.xml,1830,15422
humboldt_serpentinstein_1797.tcf.xml,1790,3885
humboldt_skizze01_1802.tcf.xml,1800,5448
humboldt_skizze02_1802.tcf.xml,1800,8385
humboldt_sonne_1818.tcf.xml,1810,3375
humboldt_sprachbau_1826.tcf.xml,1820,10405
humboldt_staerke_1820.tcf.xml,1820,3394
humboldt_staubfaeden_1792.tcf.xml,1790,537
humboldt_steatoris_1818.tcf.xml,1810,819
humboldt_substanz_1795.tcf.xml,1790,562
humboldt_syenit_1791.tcf.xml,1790,1126
humboldt_system_1829.tcf.xml,1820,11148
humboldt_theilen_1826.tcf.xml,1820,3134
humboldt_tiefe_1853.tcf.xml,1850,821
humboldt_uebersicht_1825.tcf.xml,1820,4047
humboldt_untersuchungen_1821.tcf.xml,1820,6972
humboldt_untersuchungen_1835.tcf.xml,1830,1240
humboldt_ursachen_1830.tcf.xml,1830,8303
humboldt_usterijanuar_1792.tcf.xml,1790,724
humboldt_usteri_1792.tcf.xml,1790,266
humboldt_verhaeltnis_1826.tcf.xml,1820,1908
humboldt_verhandeling_1790.tcf.xml,1790,628
humboldt_versammlung_1828.tcf.xml,1820,2027
humboldt_versuche_1837.tcf.xml,1830,8430
humboldt_versuch_1792.tcf.xml,1790,2549
humboldt_vitalitaet_1797.tcf.xml,1790,2629
humboldt_vorwort_1836.tcf.xml,1830,1698
humboldt_vorwort_1841.tcf.xml,1840,13597
humboldt_vorwort_1853.tcf.xml,1850,2571
humboldt_vorwort_1858.tcf.xml,1850,3555
humboldt_westindien_1843.tcf.xml,1840,1944
humboldt_widemann_1795.tcf.xml,1790,2020
humboldt_wilhelm_1800.tcf.xml,1800,1921
humboldt_wilhelm_1801.tcf.xml,1800,1783
humboldt_wilhelm_1841.tcf.xml,1840,642
humboldt_winterkaelte_1854.tcf.xml,1850,827
humboldt_worte_1840.tcf.xml,1840,552
humboldt_zitterrochen_1805.tcf.xml,1800,1805
humboldt_zustand_1826.tcf.xml,1820,11095
humboldt_zweifeln_1858.tcf.xml,1850,1465
hundtradowsky_judenschule01_1822.tcf.xml,1820,80969
hundtradowsky_judenschule02_1822.tcf.xml,1820,98065
hundtradowsky_judenschule03_1823.tcf.xml,1820,81297
hunold_gedichte_1702.tcf.xml,1700,36099
ideler_wahnsinn_1847.tcf.xml,1840,83776
iffland_jaeger_1785.tcf.xml,1780,36914
imbecillus_prosector_1894.tcf.xml,1890,5358
immermann_muenchhausen01_1838.tcf.xml,1830,84916
immermann_muenchhausen02_1839.tcf.xml,1830,65916
immermann_muenchhausen03_1839.tcf.xml,1830,84741
immermann_muenchhausen04_1839.tcf.xml,1830,58387
jacobi_allwill_1792.tcf.xml,1790,55643
jacobi_betrachtungen01_1741.tcf.xml,1740,111541
jacobi_betrachtungen02_1745.tcf.xml,1740,84043
jacobi_betrachtungen04_1766.tcf.xml,1760,103743
jacoby_fragen_1841.tcf.xml,1840,8968
jahn_rede_1849.tcf.xml,1840,12400
jahn_turnkunst_1816.tcf.xml,1810,62420
jhering_recht01_1852.tcf.xml,1850,114413
jhering_recht0201_1854.tcf.xml,1850,112314
jhering_recht0202_1858.tcf.xml,1850,133985
jhering_recht03_1865.tcf.xml,1860,120388
jungelius_maulwurff_1616.tcf.xml,1610,9872
jungstilling_versuch_1779.tcf.xml,1770,47304
jung_lebensgeschichte_1835.tcf.xml,1830,244688
justi_abhandlung01_1758.tcf.xml,1750,61078
justi_geschichte_1771.tcf.xml,1770,103703
justi_velazquez01_1888.tcf.xml,1880,173201
justi_velazquez02_1888.tcf.xml,1880,186726
kaempfer_japan01_1777.tcf.xml,1770,158351
kaempfer_japan02_1779.tcf.xml,1770,218539
kafka_hungerkuenstler_1922.tcf.xml,1920,3989
kafka_prozess_1925.tcf.xml,1920,86548
kafka_urteil_1913.tcf.xml,1910,4798
kafka_verwandlung_1915.tcf.xml,1910,22300
kant_aufklaerung_1784.tcf.xml,1780,3958
kant_naturgeschichte_1755.tcf.xml,1750,55220
kant_paedagogik_1803.tcf.xml,1800,27345
kant_pvernunft_1788.tcf.xml,1780,66413
kant_rvernunft_1781.tcf.xml,1780,204799
karsch_gedichte_1764.tcf.xml,1760,40099
karsch_gedichte_1792.tcf.xml,1790,82398
keller_heinrich01_1854.tcf.xml,1850,70538
keller_heinrich02_1854.tcf.xml,1850,83362
keller_heinrich03_1854.tcf.xml,1850,65003
keller_heinrich04_1855.tcf.xml,1850,87626
keller_legenden_1872.tcf.xml,1870,28618
keller_seldwyla_1856.tcf.xml,1850,102643
keller_sinngedicht_1882.tcf.xml,1880,101774
kempelen_maschine_1791.tcf.xml,1790,79222
kentz_handwerksboden_1629.tcf.xml,1620,78536
kepler_messekunst_1616.tcf.xml,1610,69152
kerl_metallurgische_1866.tcf.xml,1860,181006
kerner_besessene_1834.tcf.xml,1830,64258
kerner_gedichte_1826.tcf.xml,1820,27178
keyserling_beatemareile_1903.tcf.xml,1900,40606
kippenheim_dieberey_1660.tcf.xml,1660,313
klaj_lobrede_1645.tcf.xml,1640,12051
kleinschmidt_erinnerung_1865.tcf.xml,1860,1103
klein_geometrische_1872.tcf.xml,1870,13993
klein_riemann_1882.tcf.xml,1880,24518
kleist_amphytrion_1807.tcf.xml,1800,24237
kleist_fehrbellin_1822.tcf.xml,1820,24451
kleist_fruehling_1749.tcf.xml,1740,5162
kleist_kaethchen_1810.tcf.xml,1810,34753
kleist_krug_1811.tcf.xml,1810,27664
klingemann_nachtwachen_1805.tcf.xml,1800,45278
klinger_faust_1791.tcf.xml,1790,67071
klinger_zwillinge_1796.tcf.xml,1790,23226
klopstock_gelehrtenrepublik_1774.tcf.xml,1770,112150
klopstock_messias01_1751.tcf.xml,1750,53471
klopstock_messias02_1756.tcf.xml,1750,52691
klopstock_messias03_1769.tcf.xml,1760,79040
klopstock_messias04_1773.tcf.xml,1770,54271
klopstock_messias_1749.tcf.xml,1740,26344
klopstock_oden_1771.tcf.xml,1770,33729
klostermann_eigenthum01_1867.tcf.xml,1860,159139
klueber_recht_1817.tcf.xml,1810,188962
klueber_voelkerrecht01_1821.tcf.xml,1820,105735
klueber_voelkerrecht02_1821.tcf.xml,1820,64636
knigge_umgang01_1788.tcf.xml,1780,51869
knigge_umgang02_1788.tcf.xml,1780,63734
knorr_liebe_1700.tcf.xml,1700,1207
knueppeln_rechte_1784.tcf.xml,1780,59735
koch_deutschespiele_1894.tcf.xml,1890,2184
koch_fussballspiel1899_1900.tcf.xml,1900,2122
koch_fussballspiel1900_1901.tcf.xml,1900,1477
koch_kunstausdruecke_1903.tcf.xml,1900,1842
koch_schulspiele_1893.tcf.xml,1890,1635
koch_wert_1892.tcf.xml,1890,1088
koch_wettspiele_1894.tcf.xml,1890,2188
koch_wettspielkaempfe_1893.tcf.xml,1890,2917
koch_wundinfektionskrankheiten_1878.tcf.xml,1870,26970
koelliker_entwicklungs_1861.tcf.xml,1860,170027
koerner_leyer_1814.tcf.xml,1810,10024
korn_frauenconferenz_1865.tcf.xml,1860,11371
kortum_jobsiade01_1799.tcf.xml,1790,31002
kortum_jobsiade02_1799.tcf.xml,1790,26804
kortum_jobsiade03_1799.tcf.xml,1790,33177
kosegarten_poesieen01_1798.tcf.xml,1790,48947
kosegarten_poesieen02_1798.tcf.xml,1790,54425
kosegarten_poesieen03_1802.tcf.xml,1800,33063
kotzebue_kleinstaedter_1803.tcf.xml,1800,23173
kotzebue_menschenhass_1790.tcf.xml,1790,31651
kotzebue_schutzgeist_1814.tcf.xml,1810,31268
kraepelin_arzneimittel_1892.tcf.xml,1890,91422
krafft_landwirthschaft01_1875.tcf.xml,1870,126015
krafft_landwirthschaft02_1876.tcf.xml,1870,109209
krafft_landwirthschaft03_1876.tcf.xml,1870,116441
kraft_medizinmann_1896.tcf.xml,1890,8532
krane_reitpferd_1856.tcf.xml,1850,104423
kraus_professorenroman_1884.tcf.xml,1880,23739
kretzer_timpe_1888.tcf.xml,1880,92194
krieger_lebenserinnerungen_1907.tcf.xml,1900,38661
krueger_geistliche_1743.tcf.xml,1740,30761
krueger_weltweisheit_1746.tcf.xml,1740,57134
kuernberger_amerikamuede_1855.tcf.xml,1850,199219
kunckel_glasmacher_1679.tcf.xml,1670,189728
kurz_sonnenwirth_1855.tcf.xml,1850,210158
laband_staatsrecht01_1876.tcf.xml,1870,219502
laband_staatsrecht02_1878.tcf.xml,1870,178927
laband_staatsrecht0301_1880.tcf.xml,1880,139989
laband_staatsrecht0302_1882.tcf.xml,1880,137508
lachmann_nibelungen_1816.tcf.xml,1810,28365
lambert_architectonic01_1771.tcf.xml,1770,108949
lambert_architectonic02_1771.tcf.xml,1770,154542
lambert_einrichtung_1761.tcf.xml,1760,83529
lambert_organon01_1764.tcf.xml,1760,166793
lambert_organon02_1764.tcf.xml,1760,131484
lange_frauenwahlrecht_1896.tcf.xml,1890,5739
lange_licht01_1729.tcf.xml,1720,812615
lange_licht02_1729.tcf.xml,1720,783244
lange_schachspiel_1856.tcf.xml,1850,96035
laroche_geschichte01_1771.tcf.xml,1770,65549
laroche_geschichte02_1771.tcf.xml,1770,51193
lasswitz_planeten01_1897.tcf.xml,1890,105743
lasswitz_planeten02_1897.tcf.xml,1890,138846
lasswitz_seife_1890.tcf.xml,1890,64458
laube_bernsteinhexe_1846.tcf.xml,1840,44071
laube_europa0101_1833.tcf.xml,1830,35398
laube_europa0102_1833.tcf.xml,1830,38957
laube_europa0201_1837.tcf.xml,1830,45412
laube_europa03_1837.tcf.xml,1830,53670
laukhard_leben01_1792.tcf.xml,1790,91344
laukhard_leben02_1792.tcf.xml,1790,117490
laukhard_leben03_1796.tcf.xml,1790,117740
laukhard_leben0401_1797.tcf.xml,1790,113384
laukhard_leben0402_1797.tcf.xml,1790,79730
laukhard_leben05_1802.tcf.xml,1800,70417
lavater_fragmente01_1775.tcf.xml,1770,93112
lavater_fragmente02_1776.tcf.xml,1770,86121
lavater_fragmente03_1777.tcf.xml,1770,96635
lavater_fragmente04_1778.tcf.xml,1770,171574
lavater_kriegsbuechlein_1659.tcf.xml,1650,68214
ledebur_eisenhuettenkunde_1884.tcf.xml,1880,416580
lehmann_versuch_1756.tcf.xml,1750,64659
lehnert_seehaefen01_1891.tcf.xml,1890,402290
lehnert_seehaefen02_1892.tcf.xml,1890,293820
lemgo_schulgesetz_1820.tcf.xml,1820,6039
lenau_gedichte_1832.tcf.xml,1830,27113
lenz_anmerkungen_1774.tcf.xml,1770,32038
lenz_soldaten_1776.tcf.xml,1770,19904
leskien_declination_1876.tcf.xml,1870,101926
lesser_boerse_1844.tcf.xml,1840,14356
lessing_dramaturgie01_1767.tcf.xml,1760,92684
lessing_dramaturgie02_1767.tcf.xml,1760,88141
lessing_emilia_1772.tcf.xml,1770,28335
lessing_fabeln_1759.tcf.xml,1750,37857
lessing_menschengeschlecht_1780.tcf.xml,1780,7188
lessing_minna_1767.tcf.xml,1760,34690
lessing_nathan_1779.tcf.xml,1770,40372
lettus_chronik01_1747.tcf.xml,1740,175309
lettus_chronik02_1753.tcf.xml,1750,265190
leupold_theatrum_1724.tcf.xml,1720,154315
leutwein_einladungsschrift_1797.tcf.xml,1790,4825
lewald_adele_1864.tcf.xml,1860,45354
lewald_frauen_1870.tcf.xml,1870,36962
lewald_jenny01_1843.tcf.xml,1840,66337
lewald_jenny02_1843.tcf.xml,1840,48421
libelt_hs6623ii_1828.tcf.xml,1820,53018
lichtenberg_timorus_1773.tcf.xml,1770,12894
liebig_agricultur_1840.tcf.xml,1840,96316
liebig_knallsilber_1822.tcf.xml,1820,2297
liebig_physiologie_1842.tcf.xml,1840,73920
liebknecht_frage_1878.tcf.xml,1870,24443
liliencron_adjutantenritte_1883.tcf.xml,1880,33048
lilienthal_vogelflug_1889.tcf.xml,1880,51444
lindemann_frauenstimmrechtsbewegung_1913.tcf.xml,1910,5572
lindnerin_kochbuch_1780.tcf.xml,1780,15445
liscow_samlung_1739.tcf.xml,1730,245425
list_transportsystem_1838.tcf.xml,1830,60759
liszt_reichsstrafrecht_1881.tcf.xml,1880,119865
liszt_voelkerrecht_1898.tcf.xml,1890,80083
littrow_weltsystem01_1834.tcf.xml,1830,132454
littrow_weltsystem02_1835.tcf.xml,1830,144350
littrow_weltsystem03_1836.tcf.xml,1830,180851
locke_mond_1836.tcf.xml,1830,19627
loeber_heuschrecken_1693.tcf.xml,1690,12339
loehe_abendmahlszucht_1853.tcf.xml,1850,5704
loehe_entgegenkommen_1857.tcf.xml,1850,6535
loehe_evangelium_1847.tcf.xml,1840,7837
loehe_neuendettelsau_1870.tcf.xml,1870,40816
loehe_predigt_1873.tcf.xml,1870,4962
loescher_historie_1705.tcf.xml,1700,118327
loewenfeld_student_1910.tcf.xml,1910,9143
logau_sinngetichte_1654.tcf.xml,1650,152188
lohenstein_agrippina_1665.tcf.xml,1660,49446
lohenstein_cleopatra_1661.tcf.xml,1660,49745
lohenstein_feldherr01_1689.tcf.xml,1680,892966
lohenstein_feldherr03_1690.tcf.xml,1690,95986
lohenstein_ibrahim_1673.tcf.xml,1670,61915
lorinser_branntweinpest_1845.tcf.xml,1840,24361
lucius_canaan_1731.tcf.xml,1730,68680
lucius_himmelsblumen_1736.tcf.xml,1730,575598
lucius_warnung_1747.tcf.xml,1740,120718
ludovici_grundriss_1756.tcf.xml,1750,665446
ludwig_erbfoerster_1853.tcf.xml,1850,33719
ludwig_gericht_1910.tcf.xml,1910,13363
ludwig_haasen_1794.tcf.xml,1790,145
ludwig_himmel_1856.tcf.xml,1850,84097
ludwig_physiologie01_1852.tcf.xml,1850,216497
ludwig_physiologie02_1856.tcf.xml,1850,228861
ludwig_zigeuner_1700.tcf.xml,1700,431
luther_enchiridion_1524.tcf.xml,1520,9132
luz_blitz_1784.tcf.xml,1780,42107
mach_mechanik_1883.tcf.xml,1880,126333
maennling_helicon_1704.tcf.xml,1700,44974
mangoldt_unternehmergewinn_1855.tcf.xml,1850,51457
maro_abriss_1668.tcf.xml,1660,188676
marperger_banqven_1717.tcf.xml,1710,160795
marperger_correspondent_1717.tcf.xml,1710,271064
marperger_handelsdiener_1715.tcf.xml,1710,150177
marperger_hutmacher_1719.tcf.xml,1710,35280
marperger_militare_1724.tcf.xml,1720,21629
marpurg_versuch_1776.tcf.xml,1770,104682
martens_voelkerrecht_1796.tcf.xml,1790,124940
martzi_klugen_1692.tcf.xml,1690,44144
marx_bonaparte_1869.tcf.xml,1860,39140
marx_kapital01_1867.tcf.xml,1860,312606
marx_kapital02_1885.tcf.xml,1880,211019
marx_kapital0301_1894.tcf.xml,1890,194927
marx_kapital0302_1894.tcf.xml,1890,171636
marx_manifestws_1848.tcf.xml,1840,11043
maximilian_gruss_1606.tcf.xml,1600,475
mayer_analysis01_1818.tcf.xml,1810,59777
mayer_analysis02_1818.tcf.xml,1810,83797
mayer_duengerkapital_1869.tcf.xml,1860,21369
mayer_kapitalismus_1881.tcf.xml,1880,13003
mayer_verwaltungsrecht01_1895.tcf.xml,1890,211402
mayer_verwaltungsrecht02_1896.tcf.xml,1890,217625
may_kurdistan_1892.tcf.xml,1890,192412
mehring_kunst_1896.tcf.xml,1890,2751
meinhold_bernsteinhexe_1843.tcf.xml,1840,77662
meiselhess_weiberhass_1904.tcf.xml,1900,22300
meissner_krimi_1796.tcf.xml,1790,85279
meissner_prinzessin_1882.tcf.xml,1880,36503
melander_jocoseria01_1605.tcf.xml,1600,92365
melander_jocoseria02_1605.tcf.xml,1600,136939
mendelssohn_aufklaeren_1784.tcf.xml,1780,1545
mendelssohn_jerusalem_1783.tcf.xml,1780,42332
mendel_pflanzenhybriden_1866.tcf.xml,1860,14957
menger_historismus_1884.tcf.xml,1880,20689
menger_volkswirtschaftslehre_1871.tcf.xml,1870,104976
menzel_literatur01_1828.tcf.xml,1820,66301
menzel_literatur02_1828.tcf.xml,1820,73243
menzel_maurer_1847.tcf.xml,1840,160080
mesmer_magnetismus_1781.tcf.xml,1780,12830
meyer_gedichte_1882.tcf.xml,1880,43048
meyer_jenatsch_1876.tcf.xml,1870,80454
meyer_wiedergebohrne_1759.tcf.xml,1750,86214
michelet_loesung_1849.tcf.xml,1840,53795
michelis_reiseschule_1869.tcf.xml,1860,98011
micraelius_pommernland01_1639.tcf.xml,1630,62734
micraelius_pommernland02_1639.tcf.xml,1630,54549
micraelius_pommernland03_1639.tcf.xml,1630,63768
micraelius_pommernland04_1639.tcf.xml,1630,47326
micraelius_pommernland05_1639.tcf.xml,1630,58212
micraelius_pommernland06_1639.tcf.xml,1630,67141
micraelius_pommernland07_1639.tcf.xml,1630,90039
miller_siegwart02_1776.tcf.xml,1770,146845
milton_paradies01_1760.tcf.xml,1760,73212
milton_paradies02_1763.tcf.xml,1760,68960
modestinus_unterredungen_1737.tcf.xml,1730,36752
moerike_gedichte_1838.tcf.xml,1830,30779
moerike_mozart_1856.tcf.xml,1850,23878
moerike_nolten01_1832.tcf.xml,1830,76410
moerike_nolten02_1832.tcf.xml,1830,80090
moeser_osnabrueck_1768.tcf.xml,1760,95922
moeser_phantasien01_1775.tcf.xml,1770,110620
moeser_phantasien02_1776.tcf.xml,1770,144476
moeser_phantasien03_1778.tcf.xml,1770,114356
moeser_phantasien04_1786.tcf.xml,1780,106827
mohl_staatswissenschaften_1859.tcf.xml,1850,226249
mohr_eisenkonstruktionen_1868.tcf.xml,1860,11751
mohr_fachwerk01_1874.tcf.xml,1870,5735
mohr_fachwerk02_1875.tcf.xml,1870,5301
mohr_stillenacht_1816.tcf.xml,1810,218
moltke_zustaende_1841.tcf.xml,1840,142376
mommsen_roemische01_1854.tcf.xml,1850,244341
mommsen_roemische02_1855.tcf.xml,1850,176191
mommsen_roemische03_1856.tcf.xml,1850,236832
monti_brieffe_1734.tcf.xml,1730,5119
morhof_unterricht_1682.tcf.xml,1680,135974
moritz_erfahrungsseelenkunde01001_1793.tcf.xml,1790,30048
moritz_erfahrungsseelenkunde01002_1793.tcf.xml,1790,28381
moritz_erfahrungsseelenkunde01003_1793.tcf.xml,1790,32970
moritz_erfahrungsseelenkunde0102_1783.tcf.xml,1780,25971
moritz_erfahrungsseelenkunde0103_1783.tcf.xml,1780,30371
moritz_erfahrungsseelenkunde0201_1784.tcf.xml,1780,30409
moritz_erfahrungsseelenkunde0202_1784.tcf.xml,1780,29254
moritz_erfahrungsseelenkunde0203_1784.tcf.xml,1780,28582
moritz_erfahrungsseelenkunde0301_1785.tcf.xml,1780,29968
moritz_erfahrungsseelenkunde0302_1785.tcf.xml,1780,28507
moritz_erfahrungsseelenkunde0303_1785.tcf.xml,1780,27719
moritz_erfahrungsseelenkunde0401_1786.tcf.xml,1780,28789
moritz_erfahrungsseelenkunde0402_1786.tcf.xml,1780,28446
moritz_erfahrungsseelenkunde0403_1786.tcf.xml,1780,28669
moritz_erfahrungsseelenkunde0501_1787.tcf.xml,1780,28982
moritz_erfahrungsseelenkunde0502_1787.tcf.xml,1780,29613
moritz_erfahrungsseelenkunde0503_1787.tcf.xml,1780,27154
moritz_erfahrungsseelenkunde0601_1788.tcf.xml,1780,29037
moritz_erfahrungsseelenkunde0602_1788.tcf.xml,1780,23453
moritz_erfahrungsseelenkunde0603_1788.tcf.xml,1780,28691
moritz_erfahrungsseelenkunde0701_1789.tcf.xml,1780,29132
moritz_erfahrungsseelenkunde0702_1789.tcf.xml,1780,29694
moritz_erfahrungsseelenkunde0703_1789.tcf.xml,1780,26858
moritz_erfahrungsseelenkunde0801_1791.tcf.xml,1790,24195
moritz_erfahrungsseelenkunde0802_1791.tcf.xml,1790,27502
moritz_erfahrungsseelenkunde0803_1791.tcf.xml,1790,27997
moritz_erfahrungsseelenkunde0901_1792.tcf.xml,1790,28328
moritz_erfahrungsseelenkunde0902_1792.tcf.xml,1790,33470
moritz_erfahrungsseelenkunde0903_1792.tcf.xml,1790,27284
moritz_goetterlehre_1791.tcf.xml,1790,84785
moritz_nachahmung_1788.tcf.xml,1780,11863
moritz_reiser01_1785.tcf.xml,1780,35715
moritz_reiser02_1786.tcf.xml,1780,36417
moritz_reiser03_1786.tcf.xml,1780,45317
moritz_reiser04_1790.tcf.xml,1790,36679
mosen_galerie_1844.tcf.xml,1840,41784
moser_beleuchtung_1731.tcf.xml,1730,61299
moser_grundlehren_1778.tcf.xml,1770,49802
moser_politische01_1796.tcf.xml,1790,42677
moser_politische02_1796.tcf.xml,1790,60041
muehlpfort_gedichte01_1686.tcf.xml,1680,258879
mueller_festigkeitslehre_1886.tcf.xml,1880,55260
mueller_geld_1816.tcf.xml,1810,74324
mueller_gesichtserscheinungen_1826.tcf.xml,1820,29321
mueller_hellenische02_1824.tcf.xml,1820,146971
mueller_hellenische03_1824.tcf.xml,1820,177538
mueller_kunst_1830.tcf.xml,1830,230540
mueller_ostiacken_1726.tcf.xml,1720,18415
mueller_staatskunst01_1809.tcf.xml,1800,62292
mueller_staatskunst02_1809.tcf.xml,1800,72323
mueller_waldhornist_1821.tcf.xml,1820,14021
muellner_kaliber_1829.tcf.xml,1820,29356
muenter_bekehren_1772.tcf.xml,1770,102475
munzinger_japaner_1898.tcf.xml,1890,121853
muralt_lustgarte_1715.tcf.xml,1710,80848
musaeus_grandison01_1760.tcf.xml,1760,63163
musaeus_grandison02_1761.tcf.xml,1760,58905
musaeus_grandison03_1762.tcf.xml,1760,53971
musaeus_reisen01_1779.tcf.xml,1770,35003
musaeus_reisen02_1778.tcf.xml,1770,33175
musaeus_reisen03_1779.tcf.xml,1770,31431
musaeus_reisen04_1779.tcf.xml,1770,47825
mutach_underricht_1709.tcf.xml,1700,66084
nathusius_kammerjungfer_1851.tcf.xml,1850,39963
nathusius_leporiden_1876.tcf.xml,1870,31736
natorp_sozialpaedagogik_1899.tcf.xml,1890,120587
naude_messkunst_1706.tcf.xml,1700,55224
naumann_rossarzt_1780.tcf.xml,1780,21566
neitschitz_reise_1666.tcf.xml,1660,114030
nestroy_jux_1844.tcf.xml,1840,28382
nestroy_lumpacivagabundus_1835.tcf.xml,1830,18747
nettelbeck_lebensbeschreibung01_1821.tcf.xml,1820,61782
nettelbeck_lebensbeschreibung02_1821.tcf.xml,1820,61802
nettelbeck_lebensbeschreibung03_1823.tcf.xml,1820,53266
neumark_lustwaeldchen_1652.tcf.xml,1650,41560
nicolai_nothanker01_1773.tcf.xml,1770,51399
nicolai_nothanker02_1775.tcf.xml,1770,59772
nicolai_nothanker03_1776.tcf.xml,1770,38436
niebuhr_roemische01_1811.tcf.xml,1810,119593
niebuhr_roemische02_1812.tcf.xml,1810,141918
niethammer_philantropinismus_1808.tcf.xml,1800,83137
nietzsche_homer_1869.tcf.xml,1860,6424
nietzsche_messina_1882.tcf.xml,1880,1348
nietzsche_tragoedie_1872.tcf.xml,1870,43716
nietzsche_zarathustra01_1883.tcf.xml,1880,23547
nietzsche_zarathustra02_1883.tcf.xml,1880,22670
nietzsche_zarathustra03_1884.tcf.xml,1880,26743
nietzsche_zarathustra04_1891.tcf.xml,1890,32491
nimwegen_friede_1679.tcf.xml,1670,6048
niviandts_schwerd_1708.tcf.xml,1700,111229
nn_abc_1736.tcf.xml,1730,14971
nn_abriss_1702.tcf.xml,1700,87
nn_almanach04_1487.tcf.xml,1480,769
nn_almanach04_1492.tcf.xml,1490,582
nn_almanach05_1473.tcf.xml,1470,537
nn_almanach05_1481.tcf.xml,1480,1141
nn_almanach10_1493.tcf.xml,1490,2006
nn_anarchie_1852.tcf.xml,1850,32841
nn_cartel_1678.tcf.xml,1670,461
nn_charaktere01_1848.tcf.xml,1840,10199
nn_charaktere02_1848.tcf.xml,1840,9370
nn_comet_1682.tcf.xml,1680,321
nn_complimente_1736.tcf.xml,1730,32353
nn_corsica_1731.tcf.xml,1730,3894
nn_dracole_1488.tcf.xml,1480,2056
nn_emigranten_1732.tcf.xml,1730,2125
nn_engellaender_1734.tcf.xml,1730,38318
nn_friedensschluss_1648.tcf.xml,1640,20067
nn_fusspfad_1492.tcf.xml,1490,15571
nn_gottfried_1497.tcf.xml,1490,2557
nn_hoeltznerin_1739.tcf.xml,1730,1440
nn_jaeger_1848.tcf.xml,1840,8657
nn_kobald_1691.tcf.xml,1690,4227
nn_konzert_1890.tcf.xml,1890,310
nn_lissabon2_1756.tcf.xml,1750,2140
nn_lissabon_1755.tcf.xml,1750,1333
nn_marcipan_1632.tcf.xml,1630,4065
nn_medaille_1779.tcf.xml,1770,213
nn_msgermqu2124_1827.tcf.xml,1820,43930
nn_msgermqu2345_1827.tcf.xml,1820,86887
nn_nachtmord_1693.tcf.xml,1690,888
nn_nachtwaechter_1809.tcf.xml,1800,1322
nn_oktavgfeo79_1828.tcf.xml,1820,122789
nn_raupen_1799.tcf.xml,1790,1413
nn_reisepass_1750.tcf.xml,1750,411
nn_rhinoceros_1747.tcf.xml,1740,730
nn_schlauraffenland_1700.tcf.xml,1700,1639
nn_schulgebete_1792.tcf.xml,1790,6406
nn_spz_1813.tcf.xml,1810,4165
nn_stoertebeck_1701.tcf.xml,1700,228
nn_turnkunst01_1843.tcf.xml,1840,38831
nn_turnkunst02_1844.tcf.xml,1840,44297
nn_weiber_1700.tcf.xml,1700,1210
nn_weltgeschichte0204_1744.tcf.xml,1740,2760
nn_weltgeschichte0205_1744.tcf.xml,1740,2506
nn_weltgeschichte0206_1744.tcf.xml,1740,2466
nn_weltgeschichte0212_1744.tcf.xml,1740,2543
nn_weltgeschichte0216_1744.tcf.xml,1740,2583
nn_weltgeschichte0217_1744.tcf.xml,1740,2382
nn_weltgeschichte0220_1744.tcf.xml,1740,2795
nn_weltgeschichte0226_1744.tcf.xml,1740,2668
nn_weltgeschichte0227_1744.tcf.xml,1740,2961
nn_weltgeschichte0236_1744.tcf.xml,1740,2993
nn_weltgeschichte0237_1744.tcf.xml,1740,2876
nn_weltgeschichte0238_1744.tcf.xml,1740,2869
nn_weltgeschichte0239_1744.tcf.xml,1740,3959
nn_weltgeschichte0243_1744.tcf.xml,1740,3018
nn_weltgeschichte0258_1744.tcf.xml,1740,2691
nn_weltgeschichte0270_1744.tcf.xml,1740,2553
nn_weltgeschichte0271_1744.tcf.xml,1740,2298
nn_weltgeschichte0272_1744.tcf.xml,1740,2607
nn_weltgeschichte0273_1744.tcf.xml,1740,2443
nn_wismar_1675.tcf.xml,1670,989
nn_wundermensch_1689.tcf.xml,1680,551
novalis_christenheit_1826.tcf.xml,1820,6590
novalis_ofterdingen_1802.tcf.xml,1800,56546
nzz_hexe_1782.tcf.xml,1780,203
oa_artzneybuch_1688.tcf.xml,1680,47018
oa_cartouche_1722.tcf.xml,1720,8217
oa_coswig_1906.tcf.xml,1900,6911
oa_jubilaeum_1640.tcf.xml,1640,39385
oa_koechin_1706.tcf.xml,1700,359400
oa_morgener_1497.tcf.xml,1490,1937
oa_policeij_1628.tcf.xml,1620,57526
oa_vierlinge_1616.tcf.xml,1610,4327
oberwinder_buschoff_1892.tcf.xml,1890,13612
obrecht_secreta_1617.tcf.xml,1610,109177
oest_kinder_1787.tcf.xml,1780,55696
oest_knaben_1787.tcf.xml,1780,28336
ohm_galvanische_1827.tcf.xml,1820,39741
oken_biologie_1805.tcf.xml,1800,33779
olearius_reise_1647.tcf.xml,1640,281068
opitz_buch_1624.tcf.xml,1620,19001
opitz_poemata_1624.tcf.xml,1620,79382
opitz_schaefferey_1630.tcf.xml,1630,19348
otto_bauernsohn_1849.tcf.xml,1840,82654
otto_schloss01_1846.tcf.xml,1840,50797
otto_schloss02_1846.tcf.xml,1840,47853
otto_schloss03_1846.tcf.xml,1840,37633
pachelbel_fichtelberg_1716.tcf.xml,1710,130762
pahl_adel_1797.tcf.xml,1790,2826
pahl_bertha_1794.tcf.xml,1790,18804
pahl_geheimnisse_1797.tcf.xml,1790,16794
pahl_gutachten_1797.tcf.xml,1790,8976
pahl_libell_1797.tcf.xml,1790,6599
pahl_philosophen_1796.tcf.xml,1790,40237
pahl_simpertus_1799.tcf.xml,1790,50258
pahl_truzlibell_1797.tcf.xml,1790,5643
pancovius_herbarium_1656.tcf.xml,1650,59385
panizza_illusionismus_1895.tcf.xml,1890,20102
pappenheim_galizien_1904.tcf.xml,1900,33560
parthey_goethe_1819.tcf.xml,1860,14612
parthey_jugenderinnerungen01_1871.tcf.xml,1870,124382
parthey_jugenderinnerungen02_1871.tcf.xml,1870,141249
parthey_msgermqu1711_1828.tcf.xml,1820,151989
pascha_kriegsbaukunst_1662.tcf.xml,1660,96270
pasch_voltesiren_1660.tcf.xml,1660,4956
patzig_msgermfol841842_1828.tcf.xml,1820,102182
paul_flegeljahre01_1804.tcf.xml,1800,45189
paul_flegeljahre02_1804.tcf.xml,1800,42153
paul_flegeljahre03_1804.tcf.xml,1800,42545
paul_flegeljahre04_1805.tcf.xml,1800,59037
paul_hesperus01_1795.tcf.xml,1790,86474
paul_hesperus02_1795.tcf.xml,1790,86024
paul_hesperus03_1795.tcf.xml,1790,98431
paul_katzenberger01_1809.tcf.xml,1800,43889
paul_katzenberger02_1809.tcf.xml,1800,45693
paul_loge01_1793.tcf.xml,1790,78777
paul_loge02_1793.tcf.xml,1790,89821
paul_titan01_1800.tcf.xml,1800,91564
paul_titan02_1801.tcf.xml,1800,35824
paul_titan03_1802.tcf.xml,1800,78521
paul_titan04_1803.tcf.xml,1800,108136
peckenstein_theatri02_1608.tcf.xml,1600,13509
perthes_buchhandel_1816.tcf.xml,1810,6306
pertsch_recht_1721.tcf.xml,1720,154229
peschel_voelkerkunde_1874.tcf.xml,1870,204489
pestalozzi_lienhard01_1781.tcf.xml,1780,85135
pestalozzi_lienhard03_1785.tcf.xml,1780,97077
pestalozzi_lienhard04_1787.tcf.xml,1780,109445
pfeiffer_frauenfahrt01_1850.tcf.xml,1850,50011
pfeiffer_frauenfahrt02_1850.tcf.xml,1850,59765
pfeiffer_frauenfahrt03_1850.tcf.xml,1850,86999
pfizer_einheit_1849.tcf.xml,1840,11354
pfleiderer_kosmopolitismus_1874.tcf.xml,1870,11734
pflueger_rueckenmark_1853.tcf.xml,1850,44423
philippi_reimschmiedekunst_1743.tcf.xml,1740,66679
pinter_pferdschatz_1688.tcf.xml,1680,431120
platen_gabel_1826.tcf.xml,1820,16965
platen_gedichte_1828.tcf.xml,1820,35358
platen_oedipus_1829.tcf.xml,1820,18620
pocci_komoedienbuechlein01_1859.tcf.xml,1850,42614
pocci_komoedienbuechlein02_1861.tcf.xml,1860,51392
pocci_komoedienbuechlein03_1869.tcf.xml,1860,45534
pocci_komoedienbuechlein04_1871.tcf.xml,1870,44731
pocci_komoedienbuechlein05_1875.tcf.xml,1870,36642
pocci_komoedienbuechlein06_1877.tcf.xml,1870,47790
poersch_gewerkschaftsbewegung_1897.tcf.xml,1890,13757
polenz_buettnerbauer_1895.tcf.xml,1890,146615
polidori_vampyr_1819.tcf.xml,1810,11304
pomet_materialist_1717.tcf.xml,1710,329190
poppe_charakteristik01_1776.tcf.xml,1770,70984
poppe_charakteristik02_1777.tcf.xml,1770,113192
posos_krinkekesmes_1721.tcf.xml,1720,70460
praetorius_verrichtung_1668.tcf.xml,1660,140651
preuschen_yoshiwara_1920.tcf.xml,1920,35372
preuss_franz_1886.tcf.xml,1880,12955
pueckler_briefe01_1830.tcf.xml,1830,84890
pueckler_briefe02_1830.tcf.xml,1830,98213
pueckler_briefe03_1831.tcf.xml,1830,106189
pueckler_briefe04_1831.tcf.xml,1830,103364
puetter_staatsverfassung01_1786.tcf.xml,1780,123447
puetter_staatsverfassung02_1786.tcf.xml,1780,119704
puetter_staatsverfassung03_1787.tcf.xml,1780,78420
pufendorf_bericht_1667.tcf.xml,1660,52790
pufendorf_einleitung_1682.tcf.xml,1680,181679
pufendorf_einleitung_1691.tcf.xml,1690,85352
purmann_feldscher_1680.tcf.xml,1680,54025
purtscheller_alpinismus_1894.tcf.xml,1890,26713
quantz_versuchws_1752.tcf.xml,1750,140305
quenstedt_mineralogie_1854.tcf.xml,1850,367181
raabe_akten_1896.tcf.xml,1890,72445
raabe_odfeld_1889.tcf.xml,1880,70895
raabe_postgeheimnisse_1803.tcf.xml,1800,16797
raabe_sperlingsgasse_1857.tcf.xml,1850,59135
raabe_stopfkuchen_1891.tcf.xml,1890,75538
rabener_sammlung01_1751.tcf.xml,1750,61138
rabener_sammlung02_1751.tcf.xml,1750,66732
rabener_sammlung03_1752.tcf.xml,1750,99907
rabener_sammlung04_1755.tcf.xml,1750,147851
ramdohr_mahlerei01_1787.tcf.xml,1780,85467
ramdohr_mahlerei02_1787.tcf.xml,1780,74295
ramdohr_mahlerei03_1787.tcf.xml,1780,91003
ramdohr_venus01_1798.tcf.xml,1790,88370
ramdohr_venus02_1798.tcf.xml,1790,109599
ramdohr_venus0301_1798.tcf.xml,1790,113823
ramdohr_venus0302_1798.tcf.xml,1790,92151
ramler_oden_1767.tcf.xml,1760,7999
ranke_paepste01_1834.tcf.xml,1830,142253
ranke_paepste02_1836.tcf.xml,1830,152977
ranke_paepste03_1836.tcf.xml,1830,206214
ranke_reformation01_1839.tcf.xml,1830,133839
ranke_reformation02_1839.tcf.xml,1830,132036
ranke_reformation03_1840.tcf.xml,1840,167910
ranke_reformation04_1843.tcf.xml,1840,148567
ranke_reformation05_1843.tcf.xml,1840,136870
rapsilber_reichstagsgebaeude_1895.tcf.xml,1890,14886
raschdorff_hochbau_1880.tcf.xml,1880,5764
reichart_landschatz01_1753.tcf.xml,1750,52456
reichart_landschatz02_1753.tcf.xml,1750,62936
reichart_landschatz03_1753.tcf.xml,1750,59610
reichart_landschatz04_1753.tcf.xml,1750,62805
reichart_landschatz05_1754.tcf.xml,1750,63495
reichart_landschatz06_1755.tcf.xml,1760,66570
reichart_landschatz07_1762.tcf.xml,1760,13576
reich_mammon_1910.tcf.xml,1910,11947
reil_curmethode_1803.tcf.xml,1800,111362
reimarus_blitze_1769.tcf.xml,1760,31157
reinkingk_policey_1653.tcf.xml,1650,313878
rein_japan01_1881.tcf.xml,1880,252258
rein_japan02_1886.tcf.xml,1880,277332
rennenkampff_freiheit_1820.tcf.xml,1820,6224
retif_mensch_1785.tcf.xml,1780,94016
reuter_ehrenfried_1700.tcf.xml,1700,28508
reuter_femme_1695.tcf.xml,1690,21974
reventlow_dames_1913.tcf.xml,1910,42342
rhode_schall_1800.tcf.xml,1800,8978
richardson_clarissa01_1748.tcf.xml,1740,133060
richardson_clarissa02_1748.tcf.xml,1740,124498
richardson_clarissa03_1749.tcf.xml,1740,146434
richardson_clarissa04_1749.tcf.xml,1740,100682
richardson_clarissa05_1750.tcf.xml,1750,217871
richardson_clarissa06_1750.tcf.xml,1750,202143
richardson_clarissa07_1751.tcf.xml,1750,220138
richardson_clarissa08_1753.tcf.xml,1750,87387
riegl_stilfragen_1893.tcf.xml,1890,117637
riemann_hypothesen_1867.tcf.xml,1860,5981
riemann_teichbau_1798.tcf.xml,1790,102356
rilke_advent_1898.tcf.xml,1890,5091
ring_leibnitz_1863.tcf.xml,1860,2103
rist_teuetschland_1647.tcf.xml,1640,45856
robert_griechische_1881.tcf.xml,1880,90273
robert_sylphen_1806.tcf.xml,1800,22327
robins_artillerie_1745.tcf.xml,1740,139249
rochow_versuch_1772.tcf.xml,1770,35802
roentgen_strahlen02_1896.tcf.xml,1890,1967
roentgen_strahlen_1896.tcf.xml,1890,3513
roentgen_weitere_1897.tcf.xml,1890,6812
roepell_polen_1876.tcf.xml,1870,83368
roessig_oekonomie01_1781.tcf.xml,1780,114044
roessig_oekonomie02_1782.tcf.xml,1780,185761
rohde_psyche_1894.tcf.xml,1890,308385
rohr_einleitung_1728.tcf.xml,1720,172607
rohr_einleitung_1729.tcf.xml,1720,200730
rohr_julii_1718.tcf.xml,1710,316122
rollenhagen_reysen_1603.tcf.xml,1600,77793
rosegger_waldschulmeister_1875.tcf.xml,1870,94561
rosenkranz_aesthetik_1853.tcf.xml,1850,140472
rossmaessler_suesswasseraquarium_1857.tcf.xml,1850,23217
rossmaessler_wald_1863.tcf.xml,1860,217970
rost_schaefererzaelungen_1742.tcf.xml,1740,10221
rost_thaten_1721.tcf.xml,1720,122017
rotth_bedencken_1692.tcf.xml,1690,9215
roux_kampf_1881.tcf.xml,1880,68280
royer_beschreibung_1648.tcf.xml,1640,34721
rudolphi_erziehung01_1807.tcf.xml,1800,61171
rudolphi_erziehung02_1807.tcf.xml,1800,77349
rudolstadt_weiber_1683.tcf.xml,1680,23804
rueckert_brahmane01_1836.tcf.xml,1830,31547
rueckert_brahmane02_1837.tcf.xml,1830,32510
rueckert_brahmane03_1837.tcf.xml,1830,32383
rueckert_brahmane04_1838.tcf.xml,1830,40515
rueckert_brahmane05_1839.tcf.xml,1830,47595
rueckert_brahmane06_1839.tcf.xml,1830,42378
rumohr_forschungen01beygabe_1827.tcf.xml,1820,4292
rumohr_forschungen01_1827.tcf.xml,1820,102277
rumohr_forschungen02_1827.tcf.xml,1820,117481
rumohr_forschungen03_1831.tcf.xml,1830,73019
saar_kriegsdienste_1672.tcf.xml,1670,115417
saar_novellen_1877.tcf.xml,1870,67707
sacher_kolomea_1910.tcf.xml,1910,20861
sachs_botanik_1875.tcf.xml,1870,196814
sailer_prediger_1791.tcf.xml,1790,31620
sailer_selbstmord_1785.tcf.xml,1780,34174
salzmann_suenden_1785.tcf.xml,1780,55874
samter_erfindungen_1896.tcf.xml,1890,399327
sanders_woerterbuchschreiber_1889.tcf.xml,1880,13623
sander_beschreibung01_1783.tcf.xml,1780,183482
sander_beschreibung02_1784.tcf.xml,1780,185977
sandrart_academie0101_1675.tcf.xml,1670,89860
sandrart_academie0102_1675.tcf.xml,1670,212251
sandrart_academie0103_1675.tcf.xml,1670,195812
sandrart_academie0201_1679.tcf.xml,1670,100537
sandrart_academie0202_1679.tcf.xml,1670,87207
sandrart_academie0203_1679.tcf.xml,1670,271141
sandrart_iconologia_1680.tcf.xml,1680,212866
santaclara_grammatica_1699.tcf.xml,1690,345115
santa_judas01_1686.tcf.xml,1680,239726
santa_judas03_1692.tcf.xml,1690,195713
sarganeck_unzucht_1740.tcf.xml,1740,226192
savigny_gesetzgebung_1814.tcf.xml,1810,35205
savigny_system01_1840.tcf.xml,1840,119586
savigny_system02_1840.tcf.xml,1840,146837
savigny_system03_1840.tcf.xml,1840,133853
savigny_system04_1841.tcf.xml,1840,172449
savigny_system05_1841.tcf.xml,1840,176011
savigny_system06_1847.tcf.xml,1840,139449
savigny_system07_1848.tcf.xml,1840,80370
savigny_system08_1849.tcf.xml,1840,131107
schauberg_freimaurerei01_1861.tcf.xml,1860,239560
schauberg_freimaurerei02_1861.tcf.xml,1860,294485
schauberg_freimaurerei03_1863.tcf.xml,1860,238352
schaumann_crimipsyche_1792.tcf.xml,1790,18605
schaumann_psyche01_1791.tcf.xml,1790,64667
schaumann_psyche02_1791.tcf.xml,1790,75685
scheffel_ekkehard_1855.tcf.xml,1850,167386
schelling_kunst_1859.tcf.xml,1850,144120
schelling_methode_1803.tcf.xml,1800,47409
schenck_wissbaden_1758.tcf.xml,1750,112311
scheuchzer_naturgeschichten01_1706.tcf.xml,1700,79147
scheuchzer_naturgeschichten02_1706.tcf.xml,1700,86021
scheuchzer_naturgeschichten03_1708.tcf.xml,1700,89388
scheyb_theresiade01_1746.tcf.xml,1740,45393
scheyb_theresiade02_1746.tcf.xml,1740,39066
schiller_domkarlos_1787.tcf.xml,1780,64980
schiller_erziehung01_1795.tcf.xml,1790,10464
schiller_erziehung02_1795.tcf.xml,1790,11138
schiller_erziehung03_1795.tcf.xml,1790,19972
schiller_geisterseher_1789.tcf.xml,1780,50211
schiller_kabale_1784.tcf.xml,1780,39736
schiller_krieg_1792.tcf.xml,1790,149200
schiller_naive01_1795.tcf.xml,1790,9321
schiller_naive02_1795.tcf.xml,1790,15341
schiller_naive03_1796.tcf.xml,1790,12093
schiller_stuart_1801.tcf.xml,1800,38612
schiller_tell_1804.tcf.xml,1800,34655
schiller_triumf_1782.tcf.xml,1780,878
schiller_universalgeschichte_1789.tcf.xml,1780,7093
schlegel_indier_1808.tcf.xml,1800,54564
schlegel_lucinde_1799.tcf.xml,1790,34142
schleiden_menschengeschlecht_1863.tcf.xml,1860,18395
schleiden_pflanze_1848.tcf.xml,1840,103386
schleiermacher_hermeneutik_1838.tcf.xml,1830,132998
schliemann_trojanische_1874.tcf.xml,1870,94740
schloezer_universalhistorie01_1772.tcf.xml,1770,34529
schloezer_universalhistorie02_1773.tcf.xml,1770,40386
schmidlin_kinderindustrie_1821.tcf.xml,1820,36256
schmidt_rockenphilosophia01_1705.tcf.xml,1700,40659
schmidt_rockenphilosophia02_1705.tcf.xml,1700,54777
schmid_justitzrad_1725.tcf.xml,1720,49541
schmolck_sabbath_1712.tcf.xml,1710,45443
schmoller_grundriss01_1900.tcf.xml,1900,339499
schmoller_kleingewerbe_1870.tcf.xml,1870,156421
schmoller_volkswirtschaftslehre_1893.tcf.xml,1890,47309
schnabel_fata01_1740.tcf.xml,1740,154835
schnabel_fata02_1737.tcf.xml,1730,162413
schnabel_fata03_1739.tcf.xml,1730,125589
schnabel_fata04_1743.tcf.xml,1740,148968
schnepf_eesachen_1536.tcf.xml,1530,1679
schnitzler_anatol_1893.tcf.xml,1890,30600
schnitzler_else_1924.tcf.xml,1920,30985
schnitzler_liebelei_1896.tcf.xml,1890,20761
schnitzler_reigen_1903.tcf.xml,1900,26821
schnitzler_traumnovelle_1926.tcf.xml,1920,31554
schnyerer_wunder_1619.tcf.xml,1610,3470
schoch_comoedia_1658.tcf.xml,1650,39750
schoenaich_aesthetik_1754.tcf.xml,1750,110915
schoenberg_berginformation_1693.tcf.xml,1690,94627
schopenhauer_eyck01_1822.tcf.xml,1820,46277
schottel_hoelle_1676.tcf.xml,1670,88466
schreber_kallipaedie_1858.tcf.xml,1850,88083
schreiner_halket_1898.tcf.xml,1890,28165
schroeder_logik01_1890.tcf.xml,1890,338067
schroeder_logik0201_1891.tcf.xml,1890,198495
schroeder_logik0202_1905.tcf.xml,1900,112616
schroeder_logik03_1895.tcf.xml,1890,285789
schubert_naturwissenschaft_1808.tcf.xml,1800,108113
schubert_symbolik_1814.tcf.xml,1810,51197
schubin_etiquette_1887.tcf.xml,1880,17106
schubin_vollmondzauber01_1899.tcf.xml,1890,34640
schubin_vollmondzauber02_1899.tcf.xml,1890,35627
schuchardt_lautgesetze_1885.tcf.xml,1880,10801
schulz_italien_1797.tcf.xml,1790,41341
schulz_reise03_1795.tcf.xml,1790,92707
schupp_schriften_1663.tcf.xml,1660,553430
schurz_studentencongress_1848.tcf.xml,1840,11350
schwab_sagen01_1838.tcf.xml,1830,115592
schwab_sagen02_1839.tcf.xml,1830,126546
schwab_sagen03_1840.tcf.xml,1840,125384
schwann_mikroskopische_1839.tcf.xml,1830,89342
schwappach_forstpolitik_1894.tcf.xml,1890,163364
schweiger_armenien_1878.tcf.xml,1870,91216
schweiger_cyklopen_1900.tcf.xml,1900,278803
schwenckfeld_hirschberischen_1619.tcf.xml,1610,46742
seckendorff_fuerstenstaat_1656.tcf.xml,1650,190590
seip_gesundbrunnen_1717.tcf.xml,1710,63822
semmelweis_kindbettfieber_1861.tcf.xml,1860,164626
semper_philippinen_1869.tcf.xml,1860,56040
seume_syrakus_1803.tcf.xml,1800,135411
seyfried_medulla_1679.tcf.xml,1670,191163
siebold_suesswasserfische_1863.tcf.xml,1860,184633
siegemund_unterricht_1690.tcf.xml,1690,95026
siegmeyer_tonsetzkunst_1822.tcf.xml,1820,46444
siemens_abhandlungen_1881.tcf.xml,1880,170679
siemens_telegraphie_1866.tcf.xml,1860,10403
siever_briefe_1796.tcf.xml,1790,57225
silberer_traber_1883.tcf.xml,1880,42593
silesius_schlussrime_1657.tcf.xml,1650,48363
silesius_wandersmann_1675.tcf.xml,1670,56122
simmel_differenzierung_1890.tcf.xml,1890,62173
simmel_geld_1900.tcf.xml,1900,237419
soden_alethia_1796.tcf.xml,1790,26512
soemmerring_telegraphen_1811.tcf.xml,1810,4256
spalding_bestimmung_1749.tcf.xml,1740,9601
spee_cautio_1647.tcf.xml,1640,50783
spener_bedencken01_1700.tcf.xml,1700,548320
spener_bedencken02_1701.tcf.xml,1700,445784
spener_bedencken03_1702.tcf.xml,1700,495345
spener_bedencken04_1702.tcf.xml,1710,462977
spener_friede_1686.tcf.xml,1680,51568
spener_piadesideria_1676.tcf.xml,1670,68252
sperander_negotiant_1706.tcf.xml,1700,79848
spielhagen_problematische01_1861.tcf.xml,1860,65182
spielhagen_problematische02_1861.tcf.xml,1860,59711
spielhagen_problematische03_1861.tcf.xml,1860,51583
spielhagen_problematische04_1861.tcf.xml,1860,63566
spiess_biographien01_1796.tcf.xml,1790,50473
spiess_biographien02_1796.tcf.xml,1790,43305
spiess_biographien03_1796.tcf.xml,1790,51927
spiess_biographien04_1796.tcf.xml,1790,42023
spindler_jugendfruechte_1745.tcf.xml,1740,48079
spitzer_herrenrecht_1877.tcf.xml,1870,14081
sprengel_blumen_1793.tcf.xml,1790,193400
spyri_heidi_1880.tcf.xml,1880,61493
staden_landschafft_1557.tcf.xml,1550,44210
steinen_naturvoelker_1894.tcf.xml,1890,277180
steinthal_grammatik_1855.tcf.xml,1850,170415
stein_handbuch_1870.tcf.xml,1870,196972
stein_verwaltungslehre01_1865.tcf.xml,1860,292399
stein_verwaltungslehre02_1866.tcf.xml,1860,154414
stein_verwaltungslehre03_1867.tcf.xml,1860,53895
stein_verwaltungslehre04_1867.tcf.xml,1860,85113
stein_verwaltungslehre05_1868.tcf.xml,1860,143822
stein_verwaltungslehre06_1868.tcf.xml,1860,67499
stein_verwaltungslehre07_1868.tcf.xml,1860,150023
steub_tirol_1846.tcf.xml,1840,236229
stieber_magni_1716.tcf.xml,1710,9390
stieler_venus_1660.tcf.xml,1660,32111
stifter_nachsommer01_1857.tcf.xml,1850,102110
stifter_nachsommer02_1857.tcf.xml,1850,90066
stifter_nachsommer03_1857.tcf.xml,1850,96540
stifter_steine01_1853.tcf.xml,1850,59074
stifter_steine02_1853.tcf.xml,1850,57748
stirner_einzige_1845.tcf.xml,1840,150041
stock_gesellenwesen_1844.tcf.xml,1840,37818
stolbergstolberg_gedichte_1779.tcf.xml,1770,30358
storch_petersburg01_1794.tcf.xml,1790,58397
storch_petersburg02_1794.tcf.xml,1790,91165
storm_aquis_1877.tcf.xml,1870,28744
storm_basch_1887.tcf.xml,1880,21583
storm_doppelgaenger_1887.tcf.xml,1880,24262
storm_gedichte_1852.tcf.xml,1850,13552
storm_immensee_1852.tcf.xml,1850,11600
storm_malerarbeit_1910.tcf.xml,1910,11333
storm_riew_1885.tcf.xml,1880,49624
storm_schimmelreiter_1888.tcf.xml,1880,48149
storm_waldwinkel_1875.tcf.xml,1870,42459
strauss_jesus01_1835.tcf.xml,1830,234577
strauss_jesus02_1836.tcf.xml,1830,245312
strouhal_tonerregung_1878.tcf.xml,1870,8904
sturm_kunst_1670.tcf.xml,1670,233875
sturza_geluebde_1905.tcf.xml,1900,59124
sulzer_theorie02_1774.tcf.xml,1770,526278
suppius_oden_1749.tcf.xml,1740,61582
swedenborg_schriften02_1776.tcf.xml,1770,111721
swedenborg_schriften03_1776.tcf.xml,1770,77035
swedenborg_schriften04_1776.tcf.xml,1770,62651
swift_unterricht_1748.tcf.xml,1740,28736
szentivanyi_ketzereylehren_1703.tcf.xml,1700,87935
teichman_brodt_1607.tcf.xml,1600,811
temme_volkssagen_1840.tcf.xml,1840,115812
tetens_versuche01_1777.tcf.xml,1770,242589
tetens_versuche02_1777.tcf.xml,1770,254014
tewes_menschenrassen_1913.tcf.xml,1910,26184
thaer_landwirthschaft01_1809.tcf.xml,1800,133833
thaer_landwirthschaft02_1810.tcf.xml,1810,103478
thaer_landwirthschaft03_1810.tcf.xml,1810,114831
thaer_landwirthschaft04_1812.tcf.xml,1810,173262
thaer_moeglin_1815.tcf.xml,1810,66845
thomasius_ausuebungsittenlehre_1696.tcf.xml,1690,128262
thomasius_ausuebungvernunfftlehre_1691.tcf.xml,1690,63125
thomasius_discours_1690.tcf.xml,1690,11523
thomasius_einleitungsittenlehre_1692.tcf.xml,1690,88874
thomasius_einleitungvernufftlehre_1691.tcf.xml,1690,61762
thuemmel_wilhelmine_1764.tcf.xml,1760,13493
thuenen_staat_1826.tcf.xml,1820,76115
thunberg_reisen01_1792.tcf.xml,1790,171002
thunberg_reisen02_1794.tcf.xml,1790,154470
tieck_lovell01_1795.tcf.xml,1790,61134
tieck_lovell02_1796.tcf.xml,1790,72664
tieck_lovell03_1796.tcf.xml,1790,77971
tieck_phantasus01_1812.tcf.xml,1810,123069
tieck_phantasus02_1812.tcf.xml,1810,127717
tieck_phantasus03_1816.tcf.xml,1810,117951
tieck_sternbald01_1798.tcf.xml,1790,53994
tieck_sternbald02_1798.tcf.xml,1790,58753
toennies_gemeinschaft_1887.tcf.xml,1880,104855
trakl_gedichte_1913.tcf.xml,1910,7364
treitschke_geschichte01_1879.tcf.xml,1870,363939
treitschke_geschichte02_1882.tcf.xml,1880,290895
treitschke_geschichte03_1885.tcf.xml,1880,358137
treitschke_geschichte04_1889.tcf.xml,1880,348657
treitschke_geschichte05_1894.tcf.xml,1890,359533
treviranus_biologie01_1802.tcf.xml,1800,97566
treviranus_biologie02_1803.tcf.xml,1800,104662
treviranus_biologie03_1805.tcf.xml,1800,116225
treviranus_biologie04_1814.tcf.xml,1810,137920
treviranus_biologie05_1818.tcf.xml,1810,96641
treviranus_biologie06_1822.tcf.xml,1820,114721
trichter_ritterexercitienlexikon_1742.tcf.xml,1740,579420
tulla_rhein_1822.tcf.xml,1820,17363
uhland_gedichte_1815.tcf.xml,1810,46358
uhse_poet_1719.tcf.xml,1710,34401
ulrich_paridis_1662.tcf.xml,1660,2500
unbekannt_weltmann_1680.tcf.xml,1680,33986
unknown_berlinerzeitung_1626.tcf.xml,1620,2647
unknown_civilprozessordnung_1877.tcf.xml,1870,72043
unknown_strafgesetzbuch_1870.tcf.xml,1870,27163
unzer_erstegruende_1771.tcf.xml,1770,242131
unzer_gedanken_1746.tcf.xml,1740,39399
urbanitzky_electricitaet_1885.tcf.xml,1880,482459
uz_gedichte_1755.tcf.xml,1750,38200
valentinus_natuerlichedinge_1603.tcf.xml,1600,22130
valentinus_occulta_1603.tcf.xml,1600,11738
valentin_entwicklungsgeschichte_1835.tcf.xml,1830,259108
valentin_hochzeit_1616.tcf.xml,1610,38279
varnhagen_denkwuerdigkeiten01_1837.tcf.xml,1830,120688
varnhagen_denkwuerdigkeiten02_1837.tcf.xml,1830,115130
varnhagen_denkwuerdigkeiten03_1838.tcf.xml,1830,105578
varnhagen_rahel01_1834.tcf.xml,1830,179255
varnhagen_rahel02_1834.tcf.xml,1830,186426
varnhagen_rahel03_1834.tcf.xml,1830,171078
veitschlegel_florentin_1801.tcf.xml,1800,67573
vertrag_westfaelischer_1648.tcf.xml,1640,20161
virchow_cellularpathologie_1858.tcf.xml,1850,144305
vischer_aesthetik01_1846.tcf.xml,1840,208273
vischer_aesthetik0201_1847.tcf.xml,1840,136305
vischer_aesthetik0202_1848.tcf.xml,1840,105845
vischer_aesthetik0301_1851.tcf.xml,1850,79045
vischer_aesthetik030201_1852.tcf.xml,1850,75890
vischer_aesthetik030202_1853.tcf.xml,1850,77198
vischer_aesthetik030203_1854.tcf.xml,1850,125176
vischer_aesthetik030204_1857.tcf.xml,1850,181187
vischer_aesthetik030205_1857.tcf.xml,1850,156699
vischer_auch01_1879.tcf.xml,1870,97292
vischer_auch02_1879.tcf.xml,1870,95514
vogt_bedencken_1732.tcf.xml,1730,2683
vogt_briefe01_1851.tcf.xml,1850,248485
vogt_briefe02_1851.tcf.xml,1850,218829
vogt_thierstaaten_1851.tcf.xml,1850,70391
voss_ini_1810.tcf.xml,1810,68882
voss_luise_1795.tcf.xml,1790,22626
voss_oduessee_1781.tcf.xml,1780,141359
wackenroder_herzensergiessungen_1797.tcf.xml,1790,37398
wagner_kindermoerderin_1776.tcf.xml,1770,30207
wagner_zukunft_1850.tcf.xml,1850,51527
waiblinger_phaeton01_1823.tcf.xml,1820,25515
waiblinger_phaeton02_1823.tcf.xml,1820,25546
walter_beschreibung_1609.tcf.xml,1600,25287
wanderley_bauconstructionslehre01_1877.tcf.xml,1870,63660
wanderley_bauconstructionslehre02_1878.tcf.xml,1870,111580
wartmann_germania01_1650.tcf.xml,1650,137907
wartmann_germania0203_1650.tcf.xml,1650,236611
wartmann_germania04_1652.tcf.xml,1650,189523
wartmann_germania05_1653.tcf.xml,1650,132850
weber_nationalstaat_1895.tcf.xml,1890,9839
wecker_kochbuch_1598.tcf.xml,1590,102579
weckherlin_gedichte_1641.tcf.xml,1640,48738
weckherlin_oden01_1618.tcf.xml,1610,15486
weckherlin_oden02_1619.tcf.xml,1610,15310
wedekind_erdgeist_1895.tcf.xml,1890,28283
wedekind_erwachen_1891.tcf.xml,1890,24235
wedekind_pandora_1902.tcf.xml,1900,24664
weerth_schnapphahnski_1849.tcf.xml,1840,56685
wegner_frauenstimmrecht_1910.tcf.xml,1910,3061
weierstrass_integrale_1849.tcf.xml,1840,5573
weigel_gnothi02_1618.tcf.xml,1610,34512
weigel_gueldenergriff_1613.tcf.xml,1610,27242
weigel_moralweissheit_1674.tcf.xml,1670,54325
weigel_wasserkunst_1672.tcf.xml,1670,3568
weise_ertznarren_1672.tcf.xml,1670,83317
weise_jugend_1701.tcf.xml,1700,174861
weise_theatrum_1683.tcf.xml,1680,122663
weismann_keimplasma_1892.tcf.xml,1890,184590
weismann_naturzuechtung_1893.tcf.xml,1890,28491
weisse_lieder_1767.tcf.xml,1760,5621
weiss_starrkrampf_1824.tcf.xml,1820,18537
werner_gebirgsarten_1787.tcf.xml,1780,6863
werner_seeleben_1880.tcf.xml,1880,132853
wernicke_symptomencomplex_1874.tcf.xml,1870,25461
wesenigk_polysigma_1702.tcf.xml,1700,34637
westphalus_gedancken_1734.tcf.xml,1730,4728
wetzel_reisebegleiter_1901.tcf.xml,1900,19686
wezel_belphegor01_1776.tcf.xml,1770,53907
wezel_belphegor02_1776.tcf.xml,1770,55138
widmayer_abc_1892.tcf.xml,1890,357
wiegmann_perspektive_1846.tcf.xml,1840,22236
wieland_agathon01_1766.tcf.xml,1760,100216
wieland_agathon02_1767.tcf.xml,1760,90018
wieland_oberon_1780.tcf.xml,1780,68759
wienbarg_feldzuege_1834.tcf.xml,1830,61939
wienbarg_plattdeutsch_1834.tcf.xml,1830,13362
wilamowitz_aristoteles01_1893.tcf.xml,1890,188596
wilamowitz_aristoteles02_1893.tcf.xml,1890,195744
wilamowitz_tragoedie_1889.tcf.xml,1880,193749
winckelmann_kunstgeschichte01_1764.tcf.xml,1760,122046
winckelmann_kunstgeschichte02_1764.tcf.xml,1760,55897
winkler_gedanken_1744.tcf.xml,1740,31425
wirth_nationalfest01_1832.tcf.xml,1830,25408
wirth_nationalfest02_1832.tcf.xml,1830,15328
wissmann_afrika_1901.tcf.xml,1900,81467
woellner_aufhebung_1766.tcf.xml,1760,32800
wolff_anfangsgruende01_1710.tcf.xml,1710,96579
wolff_anfangsgruende02_1710.tcf.xml,1710,86741
wolff_anfangsgruende03_1710.tcf.xml,1710,122569
wolff_anfangsgruende04_1710.tcf.xml,1710,103150
wolff_ausverkauf_1824.tcf.xml,1820,25096
wolff_gesellschaftlichesleben_1721.tcf.xml,1720,150799
wolff_naturwuerckungen_1723.tcf.xml,1720,178202
wolff_theorie_1764.tcf.xml,1760,72970
wolff_voelckerrecht_1754.tcf.xml,1750,230842
woyt_gazophylacium_1737.tcf.xml,1730,416410
wrangel_luxusfuhrwerk_1898.tcf.xml,1890,42853
wsge_vampyr2_1732.tcf.xml,1730,8638
wsge_vampyr_1732.tcf.xml,1730,27957
wuelffer_gottesgeschick_1656.tcf.xml,1650,104381
wuerttemberg_verordnung_1683.tcf.xml,1680,345
wuerttemberg_zigeuner_1685.tcf.xml,1680,287
wundt_medizinische_1867.tcf.xml,1860,249927
zachariae_schriften01_1763.tcf.xml,1760,52701
zachariae_schriften03_1764.tcf.xml,1760,20503
zachariae_schriften04_1764.tcf.xml,1760,29068
zachariae_schriften05_1764.tcf.xml,1760,20341
zachariae_schriften06_1764.tcf.xml,1760,38833
zebel_erklaerung_1669.tcf.xml,1660,19997
zeiller_centuria01_1658.tcf.xml,1650,93096
zeiller_centuria02_1659.tcf.xml,1650,115929
zeiller_centuria03_1659.tcf.xml,1650,126023
zeiller_centuria04_1660.tcf.xml,1660,128655
zeller_erkenntnistheorie_1862.tcf.xml,1860,6012
zeller_turnkunst_1817.tcf.xml,1810,7306
zesen_assenat_1670.tcf.xml,1670,168314
zesen_helikon01_1640.tcf.xml,1640,26556
zesen_helikon02_1641.tcf.xml,1640,33762
zesen_rosemund_1645.tcf.xml,1640,96492
zetkin_frauenstimmrecht_1907.tcf.xml,1900,5208
zetkin_frauenwahlrecht2_1907.tcf.xml,1900,44865
zinzendorf_gedichte_1735.tcf.xml,1730,80115
zoeckler_lehre_1879.tcf.xml,1870,109808
zschokke_geister_1789.tcf.xml,1780,15420
zwinger_theatrum_1690.tcf.xml,1690,758297
343012.tcf.xml,1540,0